date,us_ip_level,us_ip_mom,us_ip_yoy,us_ip_z,us_ip_pct,us_payroll_level,us_payroll_mom,us_payroll_yoy,us_payroll_z,us_payroll_pct,us_unemployment_level,us_unemployment_mom,us_unemployment_yoy,us_unemployment_z,us_unemployment_pct,us_cpi_level,us_cpi_mom,us_cpi_yoy,us_cpi_z,us_cpi_pct,us_core_cpi_level,us_core_cpi_mom,us_core_cpi_yoy,us_core_cpi_z,us_core_cpi_pct,us_m2_level,us_m2_mom,us_m2_yoy,us_m2_z,us_m2_pct,us_fed_funds_level,us_fed_funds_mom,us_fed_funds_yoy,us_fed_funds_z,us_fed_funds_pct,us_yield_10y_level,us_yield_10y_mom,us_yield_10y_yoy,us_yield_10y_z,us_yield_10y_pct,us_yield_2y_level,us_yield_2y_mom,us_yield_2y_yoy,us_yield_2y_z,us_yield_2y_pct,us_term_spread_level,us_term_spread_mom,us_term_spread_yoy,us_term_spread_z,us_term_spread_pct,us_breakeven_5y_level,us_breakeven_5y_mom,us_breakeven_5y_yoy,us_breakeven_5y_z,us_breakeven_5y_pct,cn_pmi_level,cn_pmi_mom,cn_pmi_yoy,cn_pmi_z,cn_pmi_pct,cn_cpi_level,cn_cpi_mom,cn_cpi_yoy,cn_cpi_z,cn_cpi_pct,cn_ppi_level,cn_ppi_mom,cn_ppi_yoy,cn_ppi_z,cn_ppi_pct,cn_m2_level,cn_m2_mom,cn_m2_yoy,cn_m2_z,cn_m2_pct,cn_industrial_level,cn_industrial_mom,cn_industrial_yoy,cn_industrial_z,cn_industrial_pct,cn_gdp_level,cn_gdp_mom,cn_gdp_yoy,cn_gdp_z,cn_gdp_pct
1986-02-28,,,,,,,,,,,,,,,,,,,,,,,,,,,,,,,,,,,,,,,,,,,,,,,,,,,,,,,,,,,,,7.1,,,,0.8080168776371308,,,,,,,,,,,,,,,,,,,,
1986-03-31,,,,,,,,,,,,,,,,,,,,,,,,,,,,,,,,,,,,,,,,,,,,,,,,,,,,,,,,,,,,,7.1,0.0,,,0.8080168776371308,,,,,,,,,,,,,,,,,,,,
1986-04-30,,,,,,,,,,,,,,,,,,,,,,,,,,,,,,,,,,,,,,,,,,,,,,,,,,,,,,,,,,,,,7.1,0.0,,,0.8080168776371308,,,,,,,,,,,,,,,,,,,,
1986-05-31,,,,,,,,,,,,,,,,,,,,,,,,,,,,,,,,,,,,,,,,,,,,,,,,,,,,,,,,,,,,,7.1,0.0,,,0.8080168776371308,,,,,,,,,,,,,,,,,,,,
1986-06-30,,,,,,,,,,,,,,,,,,,,,,,,,,,,,,,,,,,,,,,,,,,,,,,,,,,,,,,,,,,,,7.1,0.0,,,0.8080168776371308,,,,,,,,,,,,,,,,,,,,
1986-07-31,,,,,,,,,,,,,,,,,,,,,,,,,,,,,,,,,,,,,,,,,,,,,,,,,,,,,,,,,,,,,7.1,0.0,,,0.8080168776371308,,,,,,,,,,,,,,,,,,,,
1986-08-31,,,,,,,,,,,,,,,,,,,,,,,,,,,,,,,,,,,,,,,,,,,,,,,,,,,,,,,,,,,,,7.1,0.0,,,0.8080168776371308,,,,,,,,,,,,,,,,,,,,
1986-09-30,,,,,,,,,,,,,,,,,,,,,,,,,,,,,,,,,,,,,,,,,,,,,,,,,,,,,,,,,,,,,7.1,0.0,,,0.8080168776371308,,,,,,,,,,,,,,,,,,,,
1986-10-31,,,,,,,,,,,,,,,,,,,,,,,,,,,,,,,,,,,,,,,,,,,,,,,,,,,,,,,,,,,,,7.1,0.0,,,0.8080168776371308,,,,,,,,,,,,,,,,,,,,
1986-11-30,,,,,,,,,,,,,,,,,,,,,,,,,,,,,,,,,,,,,,,,,,,,,,,,,,,,,,,,,,,,,7.1,0.0,,,0.8080168776371308,,,,,,,,,,,,,,,,,,,,
1986-12-31,,,,,,,,,,,,,,,,,,,,,,,,,,,,,,,,,,,,,,,,,,,,,,,,,,,,,,,,,,,,,7.1,0.0,,,0.8080168776371308,,,,,,,,,,,,,,,,,,,,
1987-01-31,,,,,,,,,,,,,,,,,,,,,,,,,,,,,,,,,,,,,,,,,,,,,,,,,,,,,,,,,,,,,7.1,0.0,,,0.8080168776371308,,,,,,,,,,,,,,,,,,,,
1987-02-28,,,,,,,,,,,,,,,,,,,,,,,,,,,,,,,,,,,,,,,,,,,,,,,,,,,,,,,,,,,,,5.1,-2.0,-2.0,-3.328201177351376,0.7183544303797469,,,,,,,,,,,,,,,,,,,,
1987-03-31,,,,,,,,,,,,,,,,,,,,,,,,,,,,,,,,,,,,,,,,,,,,,,,,,,,,,,,,,,,,,5.4,0.3000000000000007,-1.6999999999999993,-2.1289587076538234,0.740506329113924,,,,,,,,,,,,,,,,,,,,
1987-04-30,,,,,,,,,,,,,,,,,,,,,,,,,,,,,,,,,,,,,,,,,,,,,,,,,,,,,,,,,,,,,5.8,0.39999999999999947,-1.2999999999999998,-1.3756153469523429,0.7563291139240507,,,,,,,,,,,,,,,,,,,,
1987-05-31,,,,,,,,,,,,,,,,,,,,,,,,,,,,,,,,,,,,,,,,,,,,,,,,,,,,,,,,,,,,,6.7,0.9000000000000004,-0.39999999999999947,-0.09203458597865731,0.7827004219409283,,,,,,,,,,,,,,,,,,,,
1987-06-30,,,,,,,,,,,,,,,,,,,,,,,,,,,,,,,,,,,,,,,,,,,,,,,,,,,,,,,,,,,,,7.6,0.8999999999999995,0.5,1.1453775899088838,0.8333333333333334,,,,,,,,,,,,,,,,,,,,
1987-07-31,,,,,,,,,,,,,,,,,,,,,,,,,,,,,,,,,,,,,,,,,,,,,,,,,,,,,,,,,,,,,7.8,0.20000000000000018,0.7000000000000002,1.3199326582148894,0.8407172995780591,,,,,,,,,,,,,,,,,,,,
1987-08-31,,,,,,,,,,,,,,,,,,,,,,,,,,,,,,,,,,,,,,,,,,,,,,,,,,,,,,,,,,,,,7.8,0.0,0.7000000000000002,1.2284610329702925,0.8407172995780591,,,,,,,,,,,,,,,,,,,,
1987-09-30,,,,,,,,,,,,,,,,,,,,,,,,,,,,,,,,,,,,,,,,,,,,,,,,,,,,,,,,,,,,,8.2,0.39999999999999947,1.0999999999999996,1.6113237738196464,0.8491561181434599,,,,,,,,,,,,,,,,,,,,
1987-10-31,,,,,,,,,,,,,,,,,,,,,,,,,,,,,,,,,,,,,,,,,,,,,,,,,,,,,,,,,,,,,7.7,-0.4999999999999991,0.6000000000000005,0.908820373961557,0.8364978902953587,,,,,,,,,,,,,,,,,,,,
1987-11-30,,,,,,,,,,,,,,,,,,,,,,,,,,,,,,,,,,,,,,,,,,,,,,,,,,,,,,,,,,,,,7.5,-0.20000000000000018,0.40000000000000036,0.623525222414177,0.830168776371308,,,,,,,,,,,,,,,,,,,,
1987-12-31,,,,,,,,,,,,,,,,,,,,,,,,,,,,,,,,,,,,,,,,,,,,,,,,,,,,,,,,,,,,,8.3,0.8000000000000007,1.200000000000001,1.5640814304225574,0.8544303797468354,,,,,,,,,,,,,,,,,,,,
1988-01-31,,,,,,,,,,,,,,,,,,,,,,,,,,,,,,,,,,,,,,,,,,,,,,,,,,,,,,,,,,,,,8.9,0.5999999999999996,1.8000000000000007,2.060666670156776,0.870253164556962,,,,,,,,,,,,,,,,,,,,
1988-02-29,,,,,,,,,,,,,,,,,,,,,,,,,,,,,,,,,,,,,,,,,,,,,,,,,,,,,,,,,,,,,9.3,0.40000000000000036,4.200000000000001,2.208286810170402,0.8765822784810127,,,,,,,,,,,,,,,,,,,,
1988-03-31,,,,,,,,,,,,,,,,,,,,,,,,,,,,,,,,,,,,,,,,,,,,,,,,,,,,,,,,,,,,,10.4,1.0999999999999996,5.0,2.7553414720098384,0.8881856540084389,,,,,,,,,,,,,,,,,,,,
1988-04-30,,,,,,,,,,,,,,,,,,,,,,,,,,,,,,,,,,,,,,,,,,,,,,,,,,,,,,,,,,,,,11.3,0.9000000000000004,5.500000000000001,2.873705993493477,0.8945147679324894,,,,,,,,,,,,,,,,,,,,
1988-05-31,,,,,,,,,,,,,,,,,,,,,,,,,,,,,,,,,,,,,,,,,,,,,,,,,,,,,,,,,,,,,12.2,0.8999999999999986,5.499999999999999,2.8839779287629743,0.9018987341772152,,,,,,,,,,,,,,,,,,,,
1988-06-30,,,,,,,,,,,,,,,,,,,,,,,,,,,,,,,,,,,,,,,,,,,,,,,,,,,,,,,,,,,,,14.2,2.0,6.6,3.2155597950869033,0.9113924050632911,,,,,,,,,,,,,,,,,,,,
1988-07-31,,,,,,,,,,,,,,,,,,,,,,,,,,,,,,,,,,,,,,,,,,,,,,,,,,,,,,,,,,,,,16.3,2.1000000000000014,8.5,3.2998462643354447,0.9261603375527426,,,,,,,,,,,,,,,,,,,,
1988-08-31,,,,,,,,,,,,,,,,,,,,,,,,,,,,,,,,,,,,,,,,,,,,,,,,,,,,,,,,,,,,,19.2,2.8999999999999986,11.399999999999999,3.412414786520592,0.9388185654008439,,,,,,,,,,,,,,,,,,,,
1988-09-30,,,,,,,,,,,,,,,,,,,,,,,,,,,,,,,,,,,,,,,,,,,,,,,,,,,,,,,,,,,,,23.6,4.400000000000002,15.400000000000002,3.5885235225426095,0.9662447257383966,,,,,,,,,,,,,,,,,,,,
1988-10-31,,,,,,,,,,,,,,,,,,,,,,,,,,,,,,,,,,,,,,,,,,,,,,,,,,,,,,,,,,,,,26.4,2.799999999999997,18.7,3.360818293221499,0.9789029535864979,,,,,,,,,,,,,,,,,,,,
1988-11-30,,,,,,,,,,,,,,,,,,,,,,,,,,,,,,,,,,,,,,,,,,,,,,,,,,,,,,,,,,,,,27.1,0.7000000000000028,19.6,2.945862995132082,0.9862869198312236,,,,,,,,,,,,,,,,,,,,
1988-12-31,,,,,,,,,,,,,,,,,,,,,,,,,,,,,,,,,,,,,,,,,,,,,,,,,,,,,,,,,,,,,26.8,-0.3000000000000007,18.5,2.5558682457540822,0.9831223628691983,,,,,,,,,,,,,,,,,,,,
1989-01-31,,,,,,,,,,,,,,,,,,,,,,,,,,,,,,,,,,,,,,,,,,,,,,,,,,,,,,,,,,,,,27.9,1.0999999999999979,19.0,2.4440337899476368,0.9978902953586498,,,,,,,,,,,,,,,,,,,,
1989-02-28,,,,,,,,,,,,,,,,,,,,,,,,,,,,,,,,,,,,,,,,,,,,,,,,,,,,,,,,,,,,,27.4,-0.5,18.099999999999998,2.1404215971847793,0.9915611814345991,,,,,,,,,,,,,,,,,,,,
1989-03-31,,,,,,,,,,,,,,,,,,,,,,,,,,,,,,,,,,,,,,,,,,,,,,,,,,,,,,,,,,,,,28.4,1.0,18.0,2.0647356966194876,1.0,,,,,,,,,,,,,,,,,,,,
1989-04-30,,,,,,,,,,,,,,,,,,,,,,,,,,,,,,,,,,,,,,,,,,,,,,,,,,,,,,,,,,,,,27.1,-1.2999999999999972,15.8,1.754700444963624,0.9862869198312236,,,,,,,,,,,,,,,,,,,,
1989-05-31,,,,,,,,,,,,,,,,,,,,,,,,,,,,,,,,,,,,,,,,,,,,,,,,,,,,,,,,,,,,,26.6,-0.5,14.400000000000002,1.5778312776319334,0.9810126582278481,,,,,,,,,,,,,,,,,,,,
1989-06-30,,,,,,,,,,,,,,,,,,,,,,,,,,,,,,,,,,,,,,,,,,,,,,,,,,,,,,,,,,,,,24.9,-1.7000000000000028,10.7,1.2953344742855513,0.9725738396624473,,,,,,,,,,,,,,,,,,,,
1989-07-31,,,,,,,,,,,,,,,,,,,,,,,,,,,,,,,,,,,,,,,,,,,,,,,,,,,,,,,,,,,,,22.8,-2.099999999999998,6.5,0.9944526724930048,0.9620253164556962,,,,,,,,,,,,,,,,,,,,
1989-08-31,,,,,,,,,,,,,,,,,,,,,,,,,,,,,,,,,,,,,,,,,,,,,,,,,,,,,,,,,,,,,19.4,-3.400000000000002,0.1999999999999993,0.5646399590739831,0.9409282700421941,,,,,,,,,,,,,,,,,,,,
1989-09-30,,,,,,,,,,,,,,,,,,,,,,,,,,,,,,,,,,,,,,,,,,,,,,,,,,,,,,,,,,,,,15.3,-4.099999999999998,-8.3,0.06205761890836683,0.9177215189873418,,,,,,,,,,,,,,,,,,,,
1989-10-31,,,,,,,,,,,,,,,,,,,,,,,,,,,,,,,,,,,,,,,,,,,,,,,,,,,,,,,,,,,,,11.5,-3.8000000000000007,-14.899999999999999,-0.40302334842383714,0.8966244725738397,,,,,,,,,,,,,,,,,,,,
1989-11-30,,,,,,,,,,,,,,,,,,,,,,,,,,,,,,,,,,,,,,,,,,,,,,,,,,,,,,,,,,,,,8.6,-2.9000000000000004,-18.5,-0.7555201145665303,0.8618143459915611,,,,,,,,,,,,,,,,,,,,
1989-12-31,,,,,,,,,,,,,,,,,,,,,,,,,,,,,,,,,,,,,,,,,,,,,,,,,,,,,,,,,,,,,7.4,-1.1999999999999993,-19.4,-0.9004465183639476,0.8259493670886076,,,,,,,,,,,,,,,,,,,,
1990-01-31,,,,,,,,,,,,,,,,,,,,,,,,,,,,,,,,,,,,,,,,,,,,,,,,,,,,,,,,,,,,,6.6,-0.8000000000000007,-21.299999999999997,-0.9926383146204814,0.7805907172995781,,,,,,,,,,,,,,,,,,,,
1990-02-28,,,,,,,,,,,,,,,,,,,,,,,,,,,,,,,,,,,,,,,,,,,,,,,,,,,,,,,,,,,,,4.3,-2.3,-23.099999999999998,-1.2598784113739294,0.6656118143459916,,,,,,,,,,,,,,,,,,,,
1990-03-31,,,,,,,,,,,,,,,,,,,,,,,,,,,,,,,,,,,,,,,,,,,,,,,,,,,,,,,,,,,,,4.4,0.10000000000000053,-24.0,-1.2397199639026326,0.6761603375527426,,,,,,,,,,,5.0,,,,0.10323383084577115,,,,,
1990-04-30,,,,,,,,,,,,,,,,,,,,,,,,,,,,,,,,,,,,,,,,,,,,,,,,,,,,,,,,,,,,,3.4,-1.0000000000000004,-23.700000000000003,-1.3370403755341183,0.6329113924050633,,,,,,,,,,,0.8,-4.2,,,0.012437810945273632,,,,,
1990-05-31,,,,,,,,,,,,,,,,,,,,,,,,,,,,,,,,,,,,,,,,,,,,,,,,,,,,,,,,,,,,,3.2,-0.19999999999999973,-23.400000000000002,-1.3312686674297902,0.6160337552742616,,,,,,,,,,,1.7,0.8999999999999999,,,0.017412935323383085,,,,,
1990-06-30,,,,,,,,,,,,,,,,,,,,,,,,,,,,,,,,,,,,,,,,,,,,,,,,,,,,,,,,,,,,,2.7,-0.5,-22.2,-1.349561224890914,0.5548523206751055,,,,,,,,,,,3.3,1.5999999999999999,,,0.03980099502487562,,,,,
1990-07-31,,,,,,,,,,,,,,,,,,,,,,,,,,,,,,,,,,,,,,,,,,,,,,,,,,,,,,,,,,,,,1.1,-1.6,-21.7,-1.4740651162341556,0.2616033755274262,,,,,,,,,,,5.0,1.7000000000000002,,,0.10323383084577115,,,,,
1990-08-31,,,,,,,,,,,,,,,,,,,,,,,,,,,,,,,,,,,,,,,,,,,,,,,,,,,,,,,,,,,,,1.1,0.0,-18.299999999999997,-1.4208607974315393,0.2616033755274262,,,,,,,,,,,2.5,-2.5,,,0.03233830845771144,,,,,
1990-09-30,,,,,,,,,,,,,,,,,,,,,,,,,,,,,,,,,,,,,,,,,,,,,,,,,,,,,,,,,,,,,2.5,1.4,-12.8,-1.2314320615837695,0.5284810126582279,,,,,,,,,,,4.2,1.7000000000000002,,,0.06343283582089553,,,,,
1990-10-31,,,,,,,,,,,,,,,,,,,,,,,,,,,,,,,,,,,,,,,,,,,,,,,,,,,,,,,,,,,,,2.9,0.3999999999999999,-8.6,-1.1589852011490744,0.5854430379746836,,,,,,,,,,,6.7,2.5,,,0.2599502487562189,,,,,
1990-11-30,,,,,,,,,,,,,,,,,,,,,,,,,,,,,,,,,,,,,,,,,,,,,,,,,,,,,,,,,,,,,3.1,0.20000000000000018,-5.5,-1.111928099872692,0.6054852320675106,,,,,,,,,,,10.9,4.2,,,0.5186567164179104,,,,,
1990-12-31,,,,,,,,,,,,,,,,,,,,,,,,,,,,,,,,,,,,,,,,,,,,,,,,,,,,,,,,,,,,,3.7,0.6000000000000001,-3.7,-1.0250617065484928,0.6455696202531646,,,,,,,,,,,12.6,1.6999999999999993,,,0.6181592039800995,,,,,
1991-01-31,,,,,,,,,,,,,,,,,,,,,,,,,,,,,,,,,,,,,,,,,,,,,,,,,,,,,,,,,,,,,4.3,0.5999999999999996,-2.3,-0.9410926094114807,0.6656118143459916,,,,,,,,,,,12.6,0.0,,,0.6181592039800995,,,,,
1991-02-28,,,,,,,,,,,,,,,,,,,,,,,,,,,,,,,,,,,,,,,,,,,,,,,,,,,,,,,,,,,,,2.2,-2.0999999999999996,-2.0999999999999996,-1.1169774066874818,0.4778481012658228,,,,,,,,,,,23.5,10.9,,2.477162942936372,0.9788557213930348,,,,,
1991-03-31,,,,,,,,,,,,,,,,,,,,,,,,,,,,,,,,,,,,,,,,,,,,,,,,,,,,,,,,,,,,,1.8,-0.40000000000000013,-2.6000000000000005,-1.113709731961055,0.39662447257383965,,,,,,,,,,,9.2,-14.3,4.199999999999999,0.2661584111658361,0.4253731343283582,,,,,
1991-04-30,,,,,,,,,,,,,,,,,,,,,,,,,,,,,,,,,,,,,,,,,,,,,,,,,,,,,,,,,,,,,1.6,-0.19999999999999996,-1.7999999999999998,-1.0879503908111063,0.35864978902953587,,,,,,,,,,,10.9,1.700000000000001,10.1,0.5146902210633609,0.5186567164179104,,,,,
1991-05-31,,,,,,,,,,,,,,,,,,,,,,,,,,,,,,,,,,,,,,,,,,,,,,,,,,,,,,,,,,,,,1.3,-0.30000000000000004,-1.9000000000000001,-1.0693098391663154,0.2879746835443038,,,,,,,,,,,10.9,0.0,9.200000000000001,0.49383733119573653,0.5186567164179104,,,,,
1991-06-30,,,,,,,,,,,,,,,,,,,,,,,,,,,,,,,,,,,,,,,,,,,,,,,,,,,,,,,,,,,,,3.6,2.3,0.8999999999999999,-0.8145283340095008,0.6413502109704642,,,,,,,,,,,10.9,0.0,7.6000000000000005,0.4753562763063618,0.5186567164179104,,,,,
1991-07-31,,,,,,,,,,,,,,,,,,,,,,,,,,,,,,,,,,,,,,,,,,,,,,,,,,,,,,,,,,,,,4.4,0.8000000000000003,3.3000000000000003,-0.7042423536670824,0.6761603375527426,,,,,,,,,,,9.2,-1.700000000000001,4.199999999999999,0.17428848450856305,0.4253731343283582,,,,,
1991-08-31,,,,,,,,,,,,,,,,,,,,,,,,,,,,,,,,,,,,,,,,,,,,,,,,,,,,,,,,,,,,,4.7,0.2999999999999998,3.6,-0.6388741810008193,0.6993670886075949,,,,,,,,,,,10.9,1.700000000000001,8.4,0.46371757661476803,0.5186567164179104,,,,,
1991-09-30,,,,,,,,,,,,,,,,,,,,,,,,,,,,,,,,,,,,,,,,,,,,,,,,,,,,,,,,,,,,,4.9,0.20000000000000018,2.4000000000000004,-0.5795799035671855,0.709915611814346,,,,,,,,,,,11.8,0.9000000000000004,7.6000000000000005,0.6066953789449038,0.5659203980099502,,,,,
1991-10-31,,,,,,,,,,,,,,,,,,,,,,,,,,,,,,,,,,,,,,,,,,,,,,,,,,,,,,,,,,,,,4.5,-0.40000000000000036,1.6,-0.575543731584925,0.6877637130801688,,,,,,,,,,,12.6,0.7999999999999989,5.8999999999999995,0.727369956357553,0.6181592039800995,,,,,
1991-11-30,,,,,,,,,,,,,,,,,,,,,,,,,,,,,,,,,,,,,,,,,,,,,,,,,,,,,,,,,,,,,4.8,0.2999999999999998,1.6999999999999997,-0.5039426417683116,0.7035864978902954,,,,,,,,,,,11.8,-0.7999999999999989,0.9000000000000004,0.5580422945233099,0.5659203980099502,,,,,
1991-12-31,,,,,,,,,,,,,,,,,,,,,,,,,,,,,,,,,,,,,,,,,,,,,,,,,,,,,,,,,,,,,4.4,-0.39999999999999947,0.7000000000000002,-0.5022404705466771,0.6761603375527426,,,,,,,,,,,7.6,-4.200000000000001,-5.0,-0.24561273749172458,0.32213930348258707,,,,,
1992-01-31,,,,,,,,,,,,,,,,,,,,,,,,,,,,,,,,,,,,,,,,,,,,,,,,,,,,,,,,,,,,,4.5,0.09999999999999964,0.20000000000000018,-0.44834084601264923,0.6877637130801688,,,,,,,,,,,5.0,-2.5999999999999996,-7.6,-0.732912781267773,0.10323383084577115,,,,,
1992-02-29,,,,,,,,,,,,,,,,,,,,,,,,,,,,,,,,,,,,,,,,,,,,,,,,,,,,,,,,,,,,,5.5,1.0,3.3,-0.28677817888652213,0.7468354430379747,,,,,,,,,,,10.9,5.9,-12.6,0.4319426721933468,0.5186567164179104,,,,,
1992-03-31,,,,,,,,,,,,,,,,,,,,,,,,,,,,,,,,,,,,,,,,,,,,,,,,,,,,,,,,,,,,,5.3,-0.20000000000000018,3.5,-0.2576279881565443,0.7320675105485233,,,,,,,,,,,18.5,7.6,9.3,1.7951030270693407,0.9216417910447762,,,,,
1992-04-30,,,,,,,,,,,,,,,,,,,,,,,,,,,,,,,,,,,,,,,,,,,,,,,,,,,,,,,,,,,,,5.3,0.0,3.6999999999999997,-0.19844486048738058,0.7320675105485233,,,,,,,,,,,16.8,-1.6999999999999993,5.9,1.3825328861560424,0.849502487562189,,,,,
1992-05-31,,,,,,,,,,,,,,,,,,,,,,,,,,,,,,,,,,,,,,,,,,,,,,,,,,,,,,,,,,,,,7.1,1.7999999999999998,5.8,0.1762922817673724,0.8080168776371308,,,,,,,,,,,15.1,-1.700000000000001,4.199999999999999,1.021527172087381,0.7611940298507462,,,,,
1992-06-30,,,,,,,,,,,,,,,,,,,,,,,,,,,,,,,,,,,,,,,,,,,,,,,,,,,,,,,,,,,,,4.7,-2.3999999999999995,1.1,-0.17318054688003182,0.6993670886075949,,,,,,,,,,,14.3,-0.7999999999999989,3.4000000000000004,0.8443077103305482,0.7238805970149254,,,,,
1992-07-31,,,,,,,,,,,,,,,,,,,,,,,,,,,,,,,,,,,,,,,,,,,,,,,,,,,,,,,,,,,,,4.8,0.09999999999999964,0.39999999999999947,-0.060294728920660415,0.7035864978902954,,,,,,,,,,,16.8,2.5,7.600000000000001,1.2559670272351244,0.849502487562189,,,,,
1992-08-31,,,,,,,,,,,,,,,,,,,,,,,,,,,,,,,,,,,,,,,,,,,,,,,,,,,,,,,,,,,,,5.2,0.40000000000000036,0.5,0.20308591260612843,0.7236286919831224,,,,,,,,,,,19.3,2.5,8.4,1.6138705685480161,0.9415422885572139,,,,,
1992-09-30,,,,,,,,,,,,,,,,,,,,,,,,,,,,,,,,,,,,,,,,,,,,,,,,,,,,,,,,,,,,,5.8,0.5999999999999996,0.8999999999999995,0.669961686513108,0.7563291139240507,,,,,,,,,,,17.6,-1.6999999999999993,5.800000000000001,1.2507557279765824,0.8843283582089553,,,,,
1992-10-31,,,,,,,,,,,,,,,,,,,,,,,,,,,,,,,,,,,,,,,,,,,,,,,,,,,,,,,,,,,,,7.5,1.7000000000000002,3.0,1.7618516280229515,0.830168776371308,,,,,,,,,,,17.6,0.0,5.000000000000002,1.2017190433770448,0.8843283582089553,,,,,
1992-11-30,,,,,,,,,,,,,,,,,,,,,,,,,,,,,,,,,,,,,,,,,,,,,,,,,,,,,,,,,,,,,7.9,0.40000000000000036,3.1000000000000005,2.0383443295973116,0.8438818565400844,,,,,,,,,,,18.5,0.8999999999999986,6.699999999999999,1.3040292449588795,0.9216417910447762,,,,,
1992-12-31,,,,,,,,,,,,,,,,,,,,,,,,,,,,,,,,,,,,,,,,,,,,,,,,,,,,,,,,,,,,,8.2,0.29999999999999893,3.799999999999999,2.139760220403242,0.8491561181434599,,,,,,,,,,,21.8,3.3000000000000007,14.200000000000001,1.7631034927342621,0.9676616915422885,,,,,
1993-01-31,,,,,,,,,,,,,,,,,,,,,,,,,,,,,,,,,,,,,,,,,,,,,,,,,,,,,,,,,,,,,8.8,0.6000000000000014,4.300000000000001,2.291797041746782,0.8670886075949367,,,,,,,,,,,26.9,5.099999999999998,21.9,2.3605967242737638,0.9900497512437811,,,,,
1993-02-28,,,,,,,,,,,,,,,,,,,,,,,,,,,,,,,,,,,,,,,,,,,,,,,,,,,,,,,,,,,,,10.3,1.5,4.800000000000001,2.649386494993582,0.8860759493670886,,,,,,,,,,,8.4,-18.5,-2.5,-0.5259376688388138,0.36691542288557216,,,,,
1993-03-31,,,,,,,,,,,,,,,,,,,,,,,,,,,,,,,,,,,,,,,,,,,,,,,,,,,,,,,,,,,,,10.8,0.5,5.500000000000001,2.5215424801843445,0.890295358649789,,,,,,,,,,,27.7,19.299999999999997,9.2,2.2733498313599947,0.9937810945273632,,,,,
1993-04-30,,,,,,,,,,,,,,,,,,,,,,,,,,,,,,,,,,,,,,,,,,,,,,,,,,,,,,,,,,,,,12.2,1.3999999999999986,6.8999999999999995,2.673729627864595,0.9018987341772152,,,,,,,,,,,21.8,-5.899999999999999,5.0,1.336746020665755,0.9676616915422885,,,,,
1993-05-31,,,,,,,,,,,,,,,,,,,,,,,,,,,,,,,,,,,,,,,,,,,,,,,,,,,,,,,,,,,,,12.6,0.40000000000000036,5.5,2.4804120702462655,0.9050632911392406,,,,,,,,,,,21.0,-0.8000000000000007,5.9,1.162601717801397,0.9614427860696517,,,,,
1993-06-30,,,,,,,,,,,,,,,,,,,,,,,,,,,,,,,,,,,,,,,,,,,,,,,,,,,,,,,,,,,,,14.0,1.4000000000000004,9.3,2.5764854555664307,0.9092827004219409,,,,,,,,,,,22.7,1.6999999999999993,8.399999999999999,1.3554082376591072,0.972636815920398,,,,,
1993-07-31,,,,,,,,,,,,,,,,,,,,,,,,,,,,,,,,,,,,,,,,,,,,,,,,,,,,,,,,,,,,,15.1,1.0999999999999996,10.3,2.572783353210749,0.9156118143459916,,,,,,,,,,,25.2,2.5,8.399999999999999,1.639502370436675,0.986318407960199,,,,,
1993-08-31,,,,,,,,,,,,,,,,,,,,,,,,,,,,,,,,,,,,,,,,,,,,,,,,,,,,,,,,,,,,,16.2,1.0999999999999996,11.0,2.551507517198075,0.9240506329113924,,,,,,,,,,,21.0,-4.199999999999999,1.6999999999999993,0.9497008428978165,0.9614427860696517,,,,,
1993-09-30,,,,,,,,,,,,,,,,,,,,,,,,,,,,,,,,,,,,,,,,,,,,,,,,,,,,,,,,,,,,,16.4,0.1999999999999993,10.599999999999998,2.328350937349106,0.9282700421940928,,,,,,,,,,,19.3,-1.6999999999999993,1.6999999999999993,0.6347852939264075,0.9415422885572139,,,,,
1993-10-31,,,,,,,,,,,,,,,,,,,,,,,,,,,,,,,,,,,,,,,,,,,,,,,,,,,,,,,,,,,,,15.7,-0.6999999999999993,8.2,1.9766813699390609,0.919831223628692,,,,,,,,,,,16.0,-3.3000000000000007,-1.6000000000000014,0.04037416484534886,0.7960199004975125,,,,,
1993-11-30,,,,,,,,,,,,,,,,,,,,,,,,,,,,,,,,,,,,,,,,,,,,,,,,,,,,,,,,,,,,,15.9,0.20000000000000107,8.0,1.8618221213208732,0.9219409282700421,,,,,,,,,,,13.4,-2.5999999999999996,-5.1,-0.42485617363179473,0.6703980099502488,,,,,
1993-12-31,,,,,,,,,,,,,,,,,,,,,,,,,,,,,,,,,,,,,,,,,,,,,,,,,,,,,,,,,,,,,16.7,0.7999999999999989,8.5,1.8722491521592013,0.9314345991561181,,,,,,,,,,,16.0,2.5999999999999996,-5.800000000000001,0.012168123303244086,0.7960199004975125,,,,,
1994-01-31,,,,,,,,,,,,,,,,,,,,,,,,,,,,,,,,,,,,,,,,,,,,,,,,,,,,,,,,,,,,,18.8,2.1000000000000014,10.0,2.0948134841795025,0.9367088607594937,,,,,,,,,,,25.2,9.2,-1.6999999999999993,1.5167290932780102,0.986318407960199,,,,,
1994-02-28,,,,,,,,,,,,,,,,,,,,,,,,,,,,,,,,,,,,,,,,,,,,,,,,,,,,,,,,,,,,,21.1,2.3000000000000007,10.8,2.293855530910722,0.9472573839662447,,,,,,,,,,,27.7,2.5,19.299999999999997,1.8630705304861954,0.9937810945273632,,,,,
1994-03-31,,,,,,,,,,,,,,,,,,,,,,,,,,,,,,,,,,,,,,,,,,,,,,,,,,,,,,,,,,,,,23.2,2.099999999999998,12.399999999999999,2.401430513818869,0.9641350210970464,,,,,,,,,,,3.4,-24.3,-24.3,-2.026397772939716,0.04228855721393035,,,,,
1994-04-30,,,,,,,,,,,,,,,,,,,,,,,,,,,,,,,,,,,,,,,,,,,,,,,,,,,,,,,,,,,,,22.4,-0.8000000000000007,10.2,2.0762590019512697,0.9567510548523207,,,,,,,,,,,16.0,12.6,-5.800000000000001,-0.060267174513206345,0.7960199004975125,,,,,
1994-05-31,,,,,,,,,,,,,,,,,,,,,,,,,,,,,,,,,,,,,,,,,,,,,,,,,,,,,,,,,,,,,21.7,-0.6999999999999993,9.1,1.8272891265844127,0.9535864978902954,,,,,,,,,,,16.8,0.8000000000000007,-4.199999999999999,0.041681423833883416,0.849502487562189,,,,,
1994-06-30,,,,,,,,,,,,,,,,,,,,,,,,,,,,,,,,,,,,,,,,,,,,,,,,,,,,,,,,,,,,,21.3,-0.3999999999999986,7.300000000000001,1.644354860687747,0.95042194092827,,,,,,,,,,,17.6,0.8000000000000007,-5.099999999999998,0.14243371447717168,0.8843283582089553,,,,,
1994-07-31,,,,,,,,,,,,,,,,,,,,,,,,,,,,,,,,,,,,,,,,,,,,,,,,,,,,,,,,,,,,,22.6,1.3000000000000007,7.500000000000002,1.7185054497310561,0.959915611814346,,,,,,,,,,,15.1,-2.5000000000000018,-10.1,-0.2989069024868788,0.7611940298507462,,,,,
1994-08-31,,,,,,,,,,,,,,,,,,,,,,,,,,,,,,,,,,,,,,,,,,,,,,,,,,,,,,,,,,,,,24.0,1.3999999999999986,7.800000000000001,1.7901072927977957,0.9683544303797469,,,,,,,,,,,15.1,0.0,-5.9,-0.3226557851005189,0.7611940298507462,,,,,
1994-09-30,,,,,,,,,,,,,,,,,,,,,,,,,,,,,,,,,,,,,,,,,,,,,,,,,,,,,,,,,,,,,25.8,1.8000000000000007,9.400000000000002,1.895128669053389,0.9767932489451476,,,,,,,,,,,29.4,14.299999999999999,10.099999999999998,1.9221260505880229,0.9975124378109452,,,,,
1994-10-31,,,,,,,,,,,,,,,,,,,,,,,,,,,,,,,,,,,,,,,,,,,,,,,,,,,,,,,,,,,,,27.3,1.5,11.600000000000001,1.9416797925052902,0.989451476793249,,,,,,,,,,,21.8,-7.599999999999998,5.800000000000001,0.6554800726175336,0.9676616915422885,,,,,
1994-11-30,,,,,,,,,,,,,,,,,,,,,,,,,,,,,,,,,,,,,,,,,,,,,,,,,,,,,,,,,,,,,27.7,0.3999999999999986,11.799999999999999,1.8471746234479465,0.9957805907172996,,,,,,,,,,,24.4,2.599999999999998,10.999999999999998,1.0182310145361315,0.9825870646766169,,,,,
1994-12-31,,,,,,,,,,,,,,,,,,,,,,,,,,,,,,,,,,,,,,,,,,,,,,,,,,,,,,,,,,,,,27.5,-0.1999999999999993,10.8,1.6994711164388017,0.9936708860759493,,,,,,,,,,,23.5,-0.8999999999999986,7.5,0.8290675668716979,0.9788557213930348,,,,,
1995-01-31,,,,,,,,,,,,,,,,,,,,,,,,,,,,,,,,,,,,,,,,,,,,,,,,,,,,,,,,,,,,,25.5,-2.0,6.699999999999999,1.3595848032576319,0.9746835443037974,,,,,,,,,,,18.5,-5.0,-6.699999999999999,-0.07614740849277453,0.9216417910447762,,,,,
1995-02-28,,,,,,,,,,,,,,,,,,,,,,,,,,,,,,,,,,,,,,,,,,,,,,,,,,,,,,,,,,,,,24.1,-1.3999999999999986,3.0,1.1156523351670233,0.9704641350210971,,,,,,,,,,,11.4,-7.1,-16.299999999999997,-1.3726626614546986,0.5435323383084577,,,,,
1995-03-31,,,,,,,,,,,,,,,,,,,,,,,,,,,,,,,,,,,,,,,,,,,,,,,,,,,,,,,,,,,,,22.4,-1.7000000000000028,-0.8000000000000007,0.8457793689730138,0.9567510548523207,,,,,,,,,,,15.5,4.1,12.1,-0.6071499845754378,0.7748756218905473,,,,,
1995-04-30,,,,,,,,,,,,,,,,,,,,,,,,,,,,,,,,,,,,,,,,,,,,,,,,,,,,,,,,,,,,,21.3,-1.0999999999999979,-1.0999999999999979,0.6568224018066985,0.95042194092827,,,,,,,,,,,16.4,0.8999999999999986,0.3999999999999986,-0.4416493374573835,0.8233830845771144,,,,,
1995-05-31,,,,,,,,,,,,,,,,,,,,,,,,,,,,,,,,,,,,,,,,,,,,,,,,,,,,,,,,,,,,,20.7,-0.6000000000000014,-1.0,0.5347342778962729,0.9451476793248945,,,,,,,,,,,15.4,-0.9999999999999982,-1.4000000000000004,-0.6248760743046704,0.7699004975124378,,,,,
1995-06-30,,,,,,,,,,,,,,,,,,,,,,,,,,,,,,,,,,,,,,,,,,,,,,,,,,,,,,,,,,,,,20.3,-0.3999999999999986,-1.0,0.43667492733417185,0.9430379746835443,,,,,,,,,,,13.1,-2.3000000000000007,-4.500000000000002,-1.0298182608244337,0.6492537313432836,,,,,
1995-07-31,,,,,,,,,,,,,,,,,,,,,,,,,,,,,,,,,,,,,,,,,,,,,,,,,,,,,,,,,,,,,18.2,-2.1000000000000014,-4.400000000000002,0.08421959519146908,0.9345991561181435,,,,,,,,,,,13.9,0.8000000000000007,-1.1999999999999993,-0.8631974814614941,0.7064676616915423,,,,,
1995-08-31,,,,,,,,,,,,,,,,,,,,,,,,,,,,,,,,,,,,,,,,,,,,,,,,,,,,,,,,,,,,,16.7,-1.5,-7.300000000000001,-0.20235876730896404,0.9314345991561181,13.5,,,,0.9986111111111111,,,,,,13.6,-0.3000000000000007,-1.5,-0.8784968723051397,0.6840796019900498,,,,,
1995-09-30,,,,,,,,,,,,,,,,,,,,,,,,,,,,,,,,,,,,,,,,,,,,,,,,,,,,,,,,,,,,,14.5,-2.1999999999999993,-11.3,-0.6257714124954392,0.9135021097046413,13.0,-0.5,,,0.9944444444444445,,,,,,11.8,-1.799999999999999,-17.599999999999998,-1.145649314354495,0.5659203980099502,,,,,
1995-10-31,,,,,,,,,,,,,,,,,,,,,,,,,,,,,,,,,,,,,,,,,,,,,,,,,,,,,,,,,,,,,13.2,-1.3000000000000007,-14.100000000000001,-0.9060756823520235,0.9071729957805907,12.9,-0.09999999999999964,,,0.9902777777777778,,,,,,11.4,-0.40000000000000036,-10.4,-1.1617053267208268,0.5435323383084577,,,,,
1995-11-30,,,,,,,,,,,,,,,,,,,,,,,,,,,,,,,,,,,,,,,,,,,,,,,,,,,,,,,,,,,,,12.1,-1.0999999999999996,-15.6,-1.156107860951911,0.8987341772151899,12.5,-0.40000000000000036,,,0.9861111111111112,,,,,,12.9,1.5,-11.499999999999998,-0.8707529346620808,0.6430348258706468,,,,,
1995-12-31,,,,,,,,,,,,,,,,,,,,,,,,,,,,,,,,,,,,,,,,,,,,,,,,,,,,,,,,,,,,,11.2,-0.9000000000000004,-16.3,-1.368692423390092,0.8924050632911392,11.1,-1.4000000000000004,,,0.9833333333333333,,,,,,12.1,-0.8000000000000007,-11.4,-0.9524112455657638,0.5907960199004975,,,,,
1996-01-31,,,,,,,,,,,,,,,,,,,,,,,,,,,,,,,,,,,,,,,,,,,,,,,,,,,,,,,,,,,,,10.1,-1.0999999999999996,-15.4,-1.5987000733091292,0.8839662447257384,8.8,-2.299999999999999,,,0.9513888888888888,,,,,,14.9,2.8000000000000007,-3.5999999999999996,-0.44435247594249555,0.75,,,,,
1996-02-29,,,,,,,,,,,,,,,,,,,,,,,,,,,,,,,,,,,,,,,,,,,,,,,,,,,,,,,,,,,,,9.0,-1.0999999999999996,-15.100000000000001,-1.7780527390498873,0.8734177215189873,8.4,-0.40000000000000036,,,0.9430555555555555,,,,,,16.9,1.9999999999999982,5.499999999999998,-0.1462496803860995,0.8582089552238806,,,,,
1996-03-31,,,,,,,,,,,,,,,,,,,,,,,,,,,,,,,,,,,,,,,,,,,,,,,,,,,,,,,,,,,,,9.3,0.3000000000000007,-13.099999999999998,-1.6933609668163268,0.8765822784810127,7.1,-1.3000000000000007,,,0.8986111111111111,,,,,,12.2,-4.699999999999999,-3.3000000000000007,-0.9412919891529834,0.6007462686567164,,,,,
1996-04-30,,,,,,,,,,,,,,,,,,,,,,,,,,,,,,,,,,,,,,,,,,,,,,,,,,,,,,,,,,,,,9.8,0.5,-11.5,-1.5624889163674613,0.8818565400843882,4.3,-2.8,,,0.7444444444444445,,,,,,12.2,0.0,-4.199999999999999,-0.8906674016497653,0.6007462686567164,,,,,
1996-05-31,,,,,,,,,,,,,,,,,,,,,,,,,,,,,,,,,,,,,,,,,,,,,,,,,,,,,,,,,,,,,9.7,-0.10000000000000142,-11.0,-1.536154609346883,0.879746835443038,3.0,-1.2999999999999998,,,0.6541666666666667,,,,,,13.7,1.5,-1.700000000000001,-0.5779307957723638,0.6902985074626866,,,,,
1996-06-30,,,,,,,,,,,,,,,,,,,,,,,,,,,,,,,,,,,,,,,,,,,,,,,,,,,,,,,,,,,,,8.9,-0.7999999999999989,-11.4,-1.60328284561794,0.870253164556962,2.7,-0.2999999999999998,,,0.6263888888888889,,,,,,13.1,-0.5999999999999996,0.0,-0.6471247802063937,0.6492537313432836,,,,,
1996-07-31,,,,,,,,,,,,,,,,,,,,,,,,,,,,,,,,,,,,,,,,,,,,,,,,,,,,,,,,,,,,,8.6,-0.3000000000000007,-9.6,-1.570541094335546,0.8618143459915611,2.3,-0.40000000000000036,,-1.3767579227822553,0.5902777777777778,,,,,,13.8,0.7000000000000011,-0.09999999999999964,-0.47372185043046794,0.6990049751243781,,,,,
1996-08-31,,,,,,,,,,,,,,,,,,,,,,,,,,,,,,,,,,,,,,,,,,,,,,,,,,,,,,,,,,,,,8.3,-0.29999999999999893,-8.399999999999999,-1.530563326495555,0.8544303797468354,1.7,-0.5999999999999999,-11.8,-1.337088362149015,0.5680555555555555,,,,,,12.2,-1.6000000000000014,-1.4000000000000004,-0.7407522733587473,0.6007462686567164,,,,,
1996-09-30,,,,,,,,,,,,,,,,,,,,,,,,,,,,,,,,,,,,,,,,,,,,,,,,,,,,,,,,,,,,,8.1,-0.20000000000000107,-6.4,-1.477086401119341,0.8459915611814346,1.5,-0.19999999999999996,-11.5,-1.2459316167850216,0.5611111111111111,,,,,,10.6,-1.5999999999999996,-1.200000000000001,-0.9974446209844271,0.5,,,,,
1996-10-31,,,,,,,,,,,,,,,,,,,,,,,,,,,,,,,,,,,,,,,,,,,,,,,,,,,,,,,,,,,,,7.4,-0.6999999999999993,-5.799999999999999,-1.4998707413094958,0.8259493670886076,0.8,-0.7,-12.1,-1.2657846188562238,0.525,,,,,,13.7,3.0999999999999996,2.299999999999999,-0.3838466812046442,0.6902985074626866,,,,,
1996-11-30,,,,,,,,,,,,,,,,,,,,,,,,,,,,,,,,,,,,,,,,,,,,,,,,,,,,,,,,,,,,,7.0,-0.40000000000000036,-5.1,-1.4744615771160317,0.790084388185654,0.3,-0.5,-12.2,-1.2525722004460276,0.5013888888888889,,,,,,13.3,-0.3999999999999986,0.40000000000000036,-0.46050129393411326,0.6604477611940298,,,,,
1996-12-31,,,,,,,,,,,,,,,,,,,,,,,,,,,,,,,,,,,,,,,,,,,,,,,,,,,,,,,,,,,,,6.9,-0.09999999999999964,-4.299999999999999,-1.4066876669957087,0.7858649789029536,0.0,-0.3,-11.1,-1.2126039207933035,0.4708333333333333,,,,,,13.4,0.09999999999999964,1.3000000000000007,-0.42610708744722015,0.6703980099502488,,,,,
1997-01-31,,,,,,,,,,,,,,,,,,,,,,,,,,,,,,,,,,,,,,,,,,,,,,,,,,,,,,,,,,,,,7.0,0.09999999999999964,-3.0999999999999996,-1.3131365877416827,0.790084388185654,0.4,0.4,-8.4,-1.0636447972861451,0.5097222222222222,,,,,,14.0,0.5999999999999996,-0.9000000000000004,-0.2638579127423716,0.7126865671641791,,,,,
1997-02-28,,,,,,,,,,,,,,,,,,,,,,,,,,,,,,,,,,,,,,,,,,,,,,,,,,,,,,,,,,,,,5.9,-1.0999999999999996,-3.0999999999999996,-1.3750032852135634,0.759493670886076,0.1,-0.30000000000000004,-8.3,-1.058006838040646,0.4861111111111111,,,,,,10.3,-3.6999999999999993,-6.599999999999998,-1.0011080720097925,0.48507462686567165,,,,,
1997-03-31,,,,,,,,,,,,,,,,,,,,,,,,,,,,,,,,,,,,,,,,,,,,,,,,,,,,,,,,,,,,,5.6,-0.3000000000000007,-3.700000000000001,-1.3319238737979522,0.7521097046413502,0.4,0.30000000000000004,-6.699999999999999,-0.9505036744727386,0.5097222222222222,,,,,,10.4,0.09999999999999964,-1.799999999999999,-1.1134705901226944,0.4925373134328358,,,,,
1997-04-30,,,,,,,,,,,,,,,,,,,,,,,,,,,,,,,,,,,,,,,,,,,,,,,,,,,,,,,,,,,,,4.0,-1.5999999999999996,-5.800000000000001,-1.4479746273228609,0.6540084388185654,0.5,0.09999999999999998,-3.8,-0.8904369411789759,0.5166666666666667,,,,,,13.5,3.0999999999999996,1.3000000000000007,-0.3477994592623018,0.6791044776119403,,,,,
1997-05-31,,,,,,,,,,,,,,,,,,,,,,,,,,,,,,,,,,,,,,,,,,,,,,,,,,,,,,,,,,,,,3.2,-0.7999999999999998,-6.499999999999999,-1.4542946438366338,0.6160337552742616,0.1,-0.4,-2.9,-0.9275553244187653,0.4861111111111111,,,,,,11.9,-1.5999999999999996,-1.799999999999999,-0.6979883937179708,0.5758706467661692,,,,,
1997-06-30,,,,,,,,,,,,,,,,,,,,,,,,,,,,,,,,,,,,,,,,,,,,,,,,,,,,,,,,,,,,,2.8,-0.40000000000000036,-6.1000000000000005,-1.412244171285976,0.5738396624472574,0.1,0.0,-2.6,-0.8908185653984574,0.4861111111111111,,,,,,11.9,0.0,-1.1999999999999993,-0.6600991909152409,0.5758706467661692,,,,,
1997-07-31,,,,,,,,,,,,,,,,,,,,,,,,,,,,,,,,,,,,,,,,,,,,,,,,,,,,,,,,,,,,,2.8,0.0,-5.8,-1.3304282415461077,0.5738396624472574,-0.4,-0.5,-2.6999999999999997,-0.9500844707946382,0.4486111111111111,,,,,,12.1,0.1999999999999993,-1.700000000000001,-0.5890960544028433,0.5907960199004975,,,,,
1997-08-31,,,,,,,,,,,,,,,,,,,,,,,,,,,,,,,,,,,,,,,,,,,,,,,,,,,,,,,,,,,,,2.7,-0.09999999999999964,-5.6000000000000005,-1.2708762759502057,0.5548523206751055,-0.6,-0.19999999999999996,-2.3,-0.9514282710191643,0.4361111111111111,,,,,,8.4,-3.6999999999999993,-3.799999999999999,-1.3884952578942296,0.36691542288557216,,,,,
1997-09-30,,,,,,,,,,,,,,,,,,,,,,,,,,,,,,,,,,,,,,,,,,,,,,,,,,,,,,,,,,,,,1.9,-0.8000000000000003,-6.199999999999999,-1.305055870730821,0.4240506329113924,-0.9,-0.30000000000000004,-2.4,-0.9725804000801078,0.4013888888888889,,,,,,10.9,2.5,0.3000000000000007,-0.849910441454415,0.5186567164179104,,,,,
1997-10-31,,,,,,,,,,,,,,,,,,,,,,,,,,,,,,,,,,,,,,,,,,,,,,,,,,,,,,,,,,,,,1.8,-0.09999999999999987,-5.6000000000000005,-1.2676414736075334,0.39662447257383965,-1.0,-0.09999999999999998,-1.8,-0.9566794617296139,0.39166666666666666,,,,,,11.1,0.1999999999999993,-2.5999999999999996,-0.7616237263027648,0.5348258706467661,,,,,
1997-11-30,,,,,,,,,,,,,,,,,,,,,,,,,,,,,,,,,,,,,,,,,,,,,,,,,,,,,,,,,,,,,1.5,-0.30000000000000004,-5.5,-1.2677736243167081,0.33016877637130804,-0.9,0.09999999999999998,-1.2,-0.905877783046456,0.4013888888888889,,,,,,11.8,0.7000000000000011,-1.5,-0.5316976214631068,0.5659203980099502,,,,,
1997-12-31,,,,,,,,,,,,,,,,,,,,,,,,,,,,,,,,,,,,,,,,,,,,,,,,,,,,,,,,,,,,,1.1,-0.3999999999999999,-5.800000000000001,-1.2934452678557897,0.2616033755274262,-0.6,0.30000000000000004,-0.6,-0.8212906550934146,0.4361111111111111,,,,,,11.6,-0.20000000000000107,-1.8000000000000007,-0.639857279751116,0.5597014925373134,,,,,
1998-01-31,,,,,,,,,,,,,,,,,,,,,,,,,,,,,,,,,,,,,,,,,,,,,,,,,,,,,,,,,,,,,0.4,-0.7000000000000001,-6.6,-1.3598760575988174,0.18248945147679324,-0.9,-0.30000000000000004,-1.3,-0.8558796715308421,0.4013888888888889,,,,,,9.2,-2.4000000000000004,-4.800000000000001,-1.8429961340708996,0.4253731343283582,,,,,
1998-02-28,,,,,,,,,,,,,,,,,,,,,,,,,,,,,,,,,,,,,,,,,,,,,,,,,,,,,,,,,,,,,0.3,-0.10000000000000003,-5.6000000000000005,-1.3419010139636744,0.1719409282700422,-1.3,-0.4,-1.4000000000000001,-0.9086997175271869,0.36944444444444446,17.4,,,,0.7861736334405145,1.8,-7.3999999999999995,-8.5,-4.082328549019451,0.01990049751243781,,,,,
1998-03-31,,,,,,,,,,,,,,,,,,,,,,,,,,,,,,,,,,,,,,,,,,,,,,,,,,,,,,,,,,,,,-0.1,-0.4,-5.699999999999999,-1.3679957873735928,0.12236286919831224,-2.6,-1.3,-3.0,-1.1291636446007862,0.2222222222222222,16.7,-0.6999999999999993,,,0.7315112540192926,9.5,7.7,-0.9000000000000004,-1.0474993755545596,0.4465174129353234,,,,,
1998-04-30,,,,,,,,,,,,,,,,,,,,,,,,,,,,,,,,,,,,,,,,,,,,,,,,,,,,,,,,,,,,,0.7,0.7999999999999999,-3.3,-1.2034608339214068,0.20991561181434598,-3.2,-0.6000000000000001,-3.7,-1.2024287622653673,0.16111111111111112,15.4,-1.299999999999999,,,0.6463022508038585,9.0,-0.5,-4.5,-1.185236615603352,0.4079601990049751,,,,,
1998-05-31,,,,,,,,,,,,,,,,,,,,,,,,,,,,,,,,,,,,,,,,,,,,,,,,,,,,,,,,,,,,,-0.3,-1.0,-3.5,-1.3528231442689944,0.10126582278481013,-3.7,-0.5,-3.8000000000000003,-1.2517820443272802,0.125,14.6,-0.8000000000000007,,,0.567524115755627,7.2,-1.7999999999999998,-4.7,-1.7715584340925938,0.2997512437810945,,,,,
1998-06-30,,,,,,,,,,,,,,,,,,,,,,,,,,,,,,,,,,,,,,,,,,,,,,,,,,,,,,,,,,,,,-1.0,-0.7,-3.8,-1.4687310429176723,0.05379746835443038,-4.5,-0.7999999999999998,-4.6,-1.3513319449803356,0.09305555555555556,15.5,0.9000000000000004,,,0.6527331189710611,8.0,0.7999999999999998,-3.9000000000000004,-1.3718444170773796,0.34701492537313433,,,,,
1998-07-31,,,,,,,,,,,,,,,,,,,,,,,,,,,,,,,,,,,,,,,,,,,,,,,,,,,,,,,,,,,,,-1.3,-0.30000000000000004,-4.1,-1.5008083857715138,0.03270042194092827,-4.9,-0.40000000000000036,-4.5,-1.3704966742716513,0.06527777777777778,14.6,-0.9000000000000004,,,0.567524115755627,7.9,-0.09999999999999964,-4.199999999999999,-1.3259647723077235,0.33955223880597013,,,,,
1998-08-31,,,,,,,,,,,,,,,,,,,,,,,,,,,,,,,,,,,,,,,,,,,,,,,,,,,,,,,,,,,,,-1.4,-0.09999999999999987,-4.1,-1.4885361541013442,0.024261603375527425,-5.0,-0.09999999999999964,-4.4,-1.3527603419661407,0.058333333333333334,15.5,0.9000000000000004,,,0.6527331189710611,7.6,-0.3000000000000007,-0.8000000000000007,-1.3511265666577648,0.32213930348258707,,,,,
1998-09-30,,,,,,,,,,,,,,,,,,,,,,,,,,,,,,,,,,,,,,,,,,,,,,,,,,,,,,,,,,,,,-1.4,0.0,-3.3,-1.4378138166741508,0.024261603375527425,-5.5,-0.5,-4.6,-1.422044467651445,0.041666666666666664,15.0,-0.5,,,0.6093247588424437,7.9,0.3000000000000007,-3.0,-1.1773426083778342,0.33955223880597013,,,,,
1998-10-31,,,,,,,,,,,,,,,,,,,,,,,,,,,,,,,,,,,,,,,,,,,,,,,,,,,,,,,,,,,,,-1.5,-0.10000000000000009,-3.3,-1.4038851629461615,0.017932489451476793,-4.2,1.2999999999999998,-3.2,-1.1331942541925868,0.10833333333333334,16.0,1.0,,,0.6913183279742765,10.2,2.299999999999999,-0.9000000000000004,-0.3386937290225264,0.47761194029850745,,,,,
1998-11-30,,,,,,,,,,,,,,,,,,,,,,,,,,,,,,,,,,,,,,,,,,,,,,,,,,,,,,,,,,,,,-1.1,0.3999999999999999,-2.6,-1.2557494251919892,0.04746835443037975,-5.4,-1.2000000000000002,-4.5,-1.419072972846521,0.04861111111111111,16.3,0.3000000000000007,,,0.707395498392283,10.6,0.40000000000000036,-1.200000000000001,-0.17327139713469858,0.5,,,,,
1998-12-31,,,,,,,,,,,,,,,,,,,,,,,,,,,,,,,,,,,,,,,,,,,,,,,,,,,,,,,,,,,,,-1.2,-0.09999999999999987,-2.3,-1.2239306388105153,0.04113924050632911,-5.7,-0.2999999999999998,-5.1000000000000005,-1.5076597508112435,0.03888888888888889,16.7,0.3999999999999986,,,0.7315112540192926,11.0,0.40000000000000036,-0.5999999999999996,-0.01806404996601631,0.5310945273631841,,,,,
1999-01-31,,,,,,,,,,,,,,,,,,,,,,,,,,,,,,,,,,,,,,,,,,,,,,,,,,,,,,,,,,,,,-1.0,0.19999999999999996,-1.4,-1.1190676785405391,0.05379746835443038,-5.4,0.2999999999999998,-4.5,-1.4128387236268347,0.04861111111111111,14.8,-1.8999999999999986,,-0.9916544156409514,0.5980707395498392,11.5,0.5,2.3000000000000007,0.20241752903799692,0.554726368159204,,,,,
1999-02-28,,,,,,,,,,,,,,,,,,,,,,,,,,,,,,,,,,,,,,,,,,,,,,,,,,,,,,,,,,,,,-1.2,-0.19999999999999996,-1.5,-1.1101647650009154,0.04113924050632911,-4.9,0.5,-3.6000000000000005,-1.2693072411112396,0.06527777777777778,14.4,-0.40000000000000036,-2.9999999999999982,-1.2724757913964189,0.5401929260450161,17.9,6.399999999999999,16.099999999999998,2.5086086399258964,0.9017412935323383,,,,,
1999-03-31,,,,,,,,,,,,,,,,,,,,,,,,,,,,,,,,,,,,,,,,,,,,,,,,,,,,,,,,,,,,,-1.3,-0.10000000000000009,-1.2,-1.081583366871737,0.03270042194092827,-4.9,0.0,-2.3000000000000003,-1.2708159662512986,0.06527777777777778,17.1,2.700000000000001,0.40000000000000213,1.3923089457624342,0.7636655948553055,2.1,-15.799999999999999,-7.4,-2.757439284445136,0.022388059701492536,,,,,
1999-04-30,,,,,,,,,,,,,,,,,,,,,,,,,,,,,,,,,,,,,,,,,,,,,,,,,,,,,,,,,,,,,-1.8,-0.5,-2.5,-1.1611967671823757,0.00949367088607595,-4.6,0.3000000000000007,-1.3999999999999995,-1.1244179964261873,0.08333333333333333,17.8,0.6999999999999993,2.4000000000000004,1.7698362775233523,0.8102893890675241,9.0,6.9,0.0,-0.5170148870486513,0.4079601990049751,,,,,
1999-05-31,,,,,,,,,,,,,,,,,,,,,,,,,,,,,,,,,,,,,,,,,,,,,,,,,,,,,,,,,,,,,-2.2,-0.40000000000000013,-1.9000000000000001,-1.220496447653884,0.0031645569620253164,-3.9,0.6999999999999997,-0.19999999999999973,-0.8197635513805064,0.11944444444444445,17.9,0.09999999999999787,3.299999999999999,1.626901773010667,0.819935691318328,9.1,0.09999999999999964,1.8999999999999995,-0.44922565007130166,0.4141791044776119,,,,,
1999-06-30,,,,,,,,,,,,,,,,,,,,,,,,,,,,,,,,,,,,,,,,,,,,,,,,,,,,,,,,,,,,,-2.2,0.0,-1.2000000000000002,-1.1722055988727396,0.0031645569620253164,-3.4,0.5,1.1,-0.5843978622247116,0.15,17.2,-0.6999999999999993,1.6999999999999993,0.9724340323723276,0.7733118971061094,8.9,-0.1999999999999993,0.9000000000000004,-0.4797055937318858,0.39676616915422885,,,,,
1999-07-31,,,,,,,,,,,,,,,,,,,,,,,,,,,,,,,,,,,,,,,,,,,,,,,,,,,,,,,,,,,,,-2.1,0.10000000000000009,-0.8,-1.100286486637271,0.006329113924050633,-3.6,-0.20000000000000018,1.3000000000000003,-0.622989766966115,0.1361111111111111,17.7,0.5,3.0999999999999996,1.287271689006209,0.8038585209003215,9.1,0.1999999999999993,1.1999999999999993,-0.3780454248603256,0.4141791044776119,,,,,
1999-08-31,,,,,,,,,,,,,,,,,,,,,,,,,,,,,,,,,,,,,,,,,,,,,,,,,,,,,,,,,,,,,-1.4,0.7000000000000002,0.0,-0.8552920394922083,0.024261603375527425,-2.5,1.1,2.5,-0.11742711987167011,0.24027777777777778,15.7,-2.0,0.1999999999999993,-0.3571922965907276,0.6672025723472669,9.3,0.20000000000000107,1.700000000000001,-0.28636235656988274,0.43781094527363185,,,,,
1999-09-30,,,,,,,,,,,,,,,,,,,,,,,,,,,,,,,,,,,,,,,,,,,,,,,,,,,,,,,,,,,,,-1.3,0.09999999999999987,0.09999999999999987,-0.7890212991373367,0.03270042194092827,-2.3,0.20000000000000018,3.2,0.016386930381428137,0.2611111111111111,16.0,0.3000000000000007,1.0,-0.1002035848979737,0.6913183279742765,9.5,0.1999999999999993,1.5999999999999996,-0.20937487201646535,0.4465174129353234,,,,,
1999-10-31,,,,,,,,,,,,,,,,,,,,,,,,,,,,,,,,,,,,,,,,,,,,,,,,,,,,,,,,,,,,,-0.8,0.5,0.7,-0.5844744539200379,0.06856540084388185,-2.1,0.19999999999999973,2.1,0.1481304187462461,0.2833333333333333,15.3,-0.6999999999999993,-0.6999999999999993,-0.6852848032519372,0.6366559485530546,8.2,-1.3000000000000007,-2.0,-0.6015172042432317,0.35696517412935325,,,,,
1999-11-30,,,,,,,,,,,,,,,,,,,,,,,,,,,,,,,,,,,,,,,,,,,,,,,,,,,,,,,,,,,,,-0.6,0.20000000000000007,0.5000000000000001,-0.4719261751625026,0.08438818565400844,-0.7,1.4000000000000001,4.7,0.8276400248506349,0.42777777777777776,14.5,-0.8000000000000007,-1.8000000000000007,-1.3022876823423268,0.5546623794212219,7.0,-1.1999999999999993,-3.5999999999999996,-0.954063335079469,0.2898009950248756,,,,,
1999-12-31,,,,,,,,,,,,,,,,,,,,,,,,,,,,,,,,,,,,,,,,,,,,,,,,,,,,,,,,,,,,,-0.9,-0.30000000000000004,0.29999999999999993,-0.547996624351201,0.060126582278481014,-1.0,-0.30000000000000004,4.7,0.7074529828512267,0.39166666666666666,14.0,-0.5,-2.6999999999999993,-1.5929800111847232,0.4871382636655949,7.6,0.5999999999999996,-3.4000000000000004,-0.7053988892199826,0.32213930348258707,,,,,
2000-01-31,,,,,,,,,,,,,,,,,,,,,,,,,,,,,,,,,,,,,,,,,,,,,,,,,,,,,,,,,,,,,-1.0,-0.09999999999999998,0.0,-0.5588893273373006,0.05379746835443038,-0.8,0.19999999999999996,4.6000000000000005,0.8348456029494242,0.4152777777777778,14.7,0.6999999999999993,-0.10000000000000142,-0.9696881048520185,0.5819935691318328,7.4,-0.1999999999999993,-4.1,-0.730424500674382,0.31094527363184077,,,,,
2000-02-29,,,,,,,,,,,,,,,,,,,,,,,,,,,,,,,,,,,,,,,,,,,,,,,,,,,,,,,,,,,,,-0.2,0.8,1.0,-0.12485440903695483,0.11286919831223628,0.0,0.8,4.9,1.2299488761700303,0.4708333333333333,14.3,-0.3999999999999986,-0.09999999999999964,-1.2340311612601556,0.5273311897106109,8.9,1.5,-8.999999999999998,-0.18374534440414886,0.39676616915422885,,,,,
2000-03-31,,,,,,,,,,,,,,,,,,,,,,,,,,,,,,,,,,,,,,,,,,,,,,,,,,,,,,,,,,,,,0.7,0.8999999999999999,2.0,0.4700022827884231,0.20991561181434598,1.0,1.0,5.9,1.6899762435477492,0.5388888888888889,13.5,-0.8000000000000007,-3.6000000000000014,-1.735141267763448,0.4228295819935691,12.0,3.0999999999999996,9.9,0.8938648469591832,0.5833333333333334,,,,,
2000-04-30,,,,,,,,,,,,,,,,,,,,,,,,,,,,,,,,,,,,,,,,,,,,,,,,,,,,,,,,,,,,,-0.2,-0.8999999999999999,1.6,0.007225916412701354,0.11286919831223628,1.9,0.8999999999999999,6.5,2.037802239355078,0.5777777777777777,13.4,-0.09999999999999964,-4.4,-1.6777837208824107,0.40514469453376206,11.9,-0.09999999999999964,2.9000000000000004,0.8909236319764228,0.5758706467661692,,,,,
2000-05-31,,,,,,,,,,,,,,,,,,,,,,,,,,,,,,,,,,,,,,,,,,,,,,,,,,,,,,,,,,,,,-0.3,-0.09999999999999998,1.9000000000000001,0.005859687949455596,0.10126582278481013,2.6,0.7000000000000002,6.5,2.2064716798058606,0.6152777777777778,14.5,1.0999999999999996,-3.3999999999999986,-0.824323432272287,0.5546623794212219,11.4,-0.5,2.3000000000000007,0.7194957183067916,0.5435323383084577,,,,,
2000-06-30,,,,,,,,,,,,,,,,,,,,,,,,,,,,,,,,,,,,,,,,,,,,,,,,,,,,,,,,,,,,,0.1,0.4,2.3000000000000003,0.36584380651572934,0.14767932489451477,2.5,-0.10000000000000009,5.9,2.035153594106675,0.6055555555555555,14.0,-0.5,-3.1999999999999993,-1.153091059453529,0.4871382636655949,11.5,0.09999999999999964,2.5999999999999996,0.7621307747144631,0.554726368159204,,,,,
2000-07-31,,,,,,,,,,,,,,,,,,,,,,,,,,,,,,,,,,,,,,,,,,,,,,,,,,,,,,,,,,,,,0.5,0.4,2.6,0.7801970532163531,0.1930379746835443,3.0,0.5,6.6,2.0814223757169605,0.6541666666666667,14.4,0.40000000000000036,-3.299999999999999,-0.8283521643860166,0.5401929260450161,12.2,0.6999999999999993,3.0999999999999996,1.0131238480336728,0.6007462686567164,,,,,
2000-08-31,,,,,,,,,,,,,,,,,,,,,,,,,,,,,,,,,,,,,,,,,,,,,,,,,,,,,,,,,,,,,0.5,0.0,1.9,0.9156132903593469,0.1930379746835443,4.5,1.5,7.0,2.4044533694964803,0.7569444444444444,15.6,1.1999999999999993,-0.09999999999999964,0.07681709093858909,0.6591639871382636,12.8,0.6000000000000014,3.5,1.1640182529818017,0.6330845771144279,,,,,
2000-09-30,,,,,,,,,,,,,,,,,,,,,,,,,,,,,,,,,,,,,,,,,,,,,,,,,,,,,,,,,,,,,0.3,-0.2,1.6,0.8268467028621228,0.1719409282700422,3.9,-0.6000000000000001,6.199999999999999,2.0110306120719392,0.7222222222222222,14.8,-0.7999999999999989,-1.1999999999999993,-0.5270717727003568,0.5980707395498392,12.8,0.0,3.3000000000000007,1.1276946162077737,0.6330845771144279,,,,,
2000-10-31,,,,,,,,,,,,,,,,,,,,,,,,,,,,,,,,,,,,,,,,,,,,,,,,,,,,,,,,,,,,,0.0,-0.3,0.8,0.6312912116308448,0.1350210970464135,3.7,-0.19999999999999973,5.800000000000001,1.8068503912369567,0.7152777777777778,15.3,0.5,0.0,-0.13635934408215836,0.6366559485530546,12.0,-0.8000000000000007,3.8000000000000007,0.8345800078168698,0.5833333333333334,,,,,
2000-11-30,,,,,,,,,,,,,,,,,,,,,,,,,,,,,,,,,,,,,,,,,,,,,,,,,,,,,,,,,,,,,0.0,0.0,0.6,0.7232424607462085,0.1350210970464135,3.6,-0.10000000000000009,4.3,1.663403554027191,0.7069444444444445,14.2,-1.1000000000000014,-0.3000000000000007,-0.9754995662000706,0.5176848874598071,11.4,-0.5999999999999996,4.4,0.632022664150763,0.5435323383084577,,,,,
2000-12-31,,,,,,,,,,,,,,,,,,,,,,,,,,,,,,,,,,,,,,,,,,,,,,,,,,,,,,,,,,,,,1.3,1.3,2.2,2.1476815602344352,0.2879746835443038,3.5,-0.10000000000000009,4.5,1.5420574404606833,0.6958333333333333,15.2,1.0,1.1999999999999993,-0.18312201497532762,0.6221864951768489,10.6,-0.8000000000000007,3.0,0.3653033803172834,0.5,,,,,
2001-01-31,,,,,,,,,,,,,,,,,,,,,,,,,,,,,,,,,,,,,,,,,,,,,,,,,,,,,,,,,,,,,1.5,0.19999999999999996,2.5,2.2053785583341075,0.33016877637130804,2.8,-0.7000000000000002,3.5999999999999996,1.2680101820746141,0.6361111111111111,14.0,-1.1999999999999993,-0.6999999999999993,-1.1083979769884158,0.4871382636655949,10.4,-0.1999999999999993,3.0,0.2834224130705683,0.4925373134328358,,,,,
2001-02-28,,,,,,,,,,,,,,,,,,,,,,,,,,,,,,,,,,,,,,,,,,,,,,,,,,,,,,,,,,,,,1.2,-0.30000000000000004,1.4,1.7985570294082847,0.2732067510548523,1.4,-1.4,1.4,0.8222500868003527,0.5541666666666667,15.2,1.1999999999999993,0.8999999999999986,-0.10604867793265293,0.6221864951768489,2.3,-8.100000000000001,-6.6000000000000005,-2.586036350655056,0.02736318407960199,,,,,
2001-03-31,,,,,,,,,,,,,,,,,,,,,,,,,,,,,,,,,,,,,,,,,,,,,,,,,,,,,,,,,,,,,0.0,-1.2,-0.7,0.5846085070529105,0.1350210970464135,0.9,-0.4999999999999999,-0.09999999999999998,0.6440904347649665,0.5319444444444444,15.2,0.0,1.6999999999999993,-0.07286417347065367,0.6221864951768489,19.0,16.7,7.0,2.828631663936255,0.9328358208955224,,,,,
2001-04-30,,,,,,,,,,,,,,,,,,,,,,,,,,,,,,,,,,,,,,,,,,,,,,,,,,,,,,,,,,,,,0.8,0.8,1.0,1.3820843051118623,0.22151898734177214,0.2,-0.7,-1.7,0.4126341145441064,0.49722222222222223,14.8,-0.3999999999999986,1.4000000000000004,-0.39636331397455027,0.5980707395498392,12.1,-6.9,0.1999999999999993,0.6614157174449287,0.5907960199004975,,,,,
2001-05-31,,,,,,,,,,,,,,,,,,,,,,,,,,,,,,,,,,,,,,,,,,,,,,,,,,,,,,,,,,,,,1.6,0.8,1.9000000000000001,2.004169204215058,0.35864978902953587,-0.1,-0.30000000000000004,-2.7,0.2973902315986452,0.4638888888888889,13.9,-0.9000000000000004,-0.5999999999999996,-1.1237743273734233,0.4662379421221865,11.5,-0.5999999999999996,0.09999999999999964,0.4432393697554594,0.554726368159204,,,,,
2001-06-30,,,,,,,,,,,,,,,,,,,,,,,,,,,,,,,,,,,,,,,,,,,,,,,,,,,,,,,,,,,,,1.7,0.09999999999999987,1.5999999999999999,1.9203865910855282,0.3755274261603376,-0.2,-0.1,-2.7,0.23597392018607524,0.46111111111111114,14.5,0.5999999999999996,0.5,-0.5984053787985382,0.5546623794212219,10.2,-1.3000000000000007,-1.3000000000000007,0.020822878039508618,0.47761194029850745,,,,,
2001-07-31,,,,,,,,,,,,,,,,,,,,,,,,,,,,,,,,,,,,,,,,,,,,,,,,,,,,,,,,,,,,,1.4,-0.30000000000000004,0.8999999999999999,1.5421461686978155,0.3048523206751055,-0.6,-0.39999999999999997,-3.6,0.08226001942134745,0.4361111111111111,14.3,-0.1999999999999993,-0.09999999999999964,-0.7538137260211694,0.5273311897106109,10.1,-0.09999999999999964,-2.0999999999999996,-0.029711900345517465,0.47139303482587064,,,,,
2001-08-31,,,,,,,,,,,,,,,,,,,,,,,,,,,,,,,,,,,,,,,,,,,,,,,,,,,,,,,,,,,,,1.5,0.10000000000000009,1.0,1.5228280554313733,0.33016877637130804,-1.3,-0.7000000000000001,-5.8,-0.1666992282898487,0.36944444444444446,13.5,-0.8000000000000007,-2.0999999999999996,-1.332773334918926,0.4228295819935691,8.1,-2.0,-4.700000000000001,-0.6654906362010831,0.35199004975124376,,,,,
2001-09-30,,,,,,,,,,,,,,,,,,,,,,,,,,,,,,,,,,,,,,,,,,,,,,,,,,,,,,,,,,,,,1.0,-0.5,0.7,1.0388046912634672,0.25,-2.0,-0.7,-5.9,-0.4287741931141868,0.29583333333333334,13.6,0.09999999999999964,-1.200000000000001,-1.195514409226766,0.44212218649517687,8.1,0.0,-4.700000000000001,-0.6680857920682004,0.35199004975124376,,,,,
2001-10-31,,,,,,,,,,,,,,,,,,,,,,,,,,,,,,,,,,,,,,,,,,,,,,,,,,,,,,,,,,,,,-0.1,-1.1,-0.1,0.07651507105919646,0.12236286919831224,-2.9,-0.8999999999999999,-6.6,-0.7387440069512856,0.18472222222222223,13.6,0.0,-1.700000000000001,-1.129425189116726,0.44212218649517687,9.5,1.4000000000000004,-2.5,-0.21932115966665564,0.4465174129353234,,,,,
2001-11-30,,,,,,,,,,,,,,,,,,,,,,,,,,,,,,,,,,,,,,,,,,,,,,,,,,,,,,,,,,,,,0.2,0.30000000000000004,0.2,0.3060295541083014,0.15928270042194093,-3.1,-0.20000000000000018,-6.7,-0.8465928127807747,0.16666666666666666,12.9,-0.6999999999999993,-1.299999999999999,-1.563405660296044,0.34887459807073956,8.8,-0.6999999999999993,-2.5999999999999996,-0.42358695014569697,0.3843283582089552,,,,,
2001-12-31,,,,,,,,,,,,,,,,,,,,,,,,,,,,,,,,,,,,,,,,,,,,,,,,,,,,,,,,,,,,,-0.3,-0.5,-1.6,-0.15119479264021257,0.10126582278481013,-3.7,-0.6000000000000001,-7.2,-1.0954389082334932,0.125,13.2,0.29999999999999893,-2.0,-1.2646378394822368,0.3778135048231511,7.9,-0.9000000000000004,-2.6999999999999993,-0.6761532278721188,0.33955223880597013,,,,,
2002-01-31,,,,,,,,,,,,,,,,,,,,,,,,,,,,,,,,,,,,,,,,,,,,,,,,,,,,,,,,,,,,,-0.3,0.0,-1.8,-0.16966208082171752,0.10126582278481013,-4.0,-0.2999999999999998,-6.8,-1.2367986008231466,0.11527777777777778,14.4,1.200000000000001,0.40000000000000036,-0.3420157135400388,0.5401929260450161,8.7,0.7999999999999989,-1.700000000000001,-0.4014208105745557,0.376865671641791,,,,,
2002-02-28,,,,,,,,,,,,,,,,,,,,,,,,,,,,,,,,,,,,,,,,,,,,,,,,,,,,,,,,,,,,,-1.0,-0.7,-2.2,-0.7977754089757648,0.05379746835443038,-4.2,-0.20000000000000018,-5.6,-1.3272096110494518,0.10833333333333334,13.0,-1.4000000000000004,-2.1999999999999993,-1.3418998362760055,0.3617363344051447,18.6,9.900000000000002,16.3,2.6531514255849475,0.927860696517413,,,,,
2002-03-31,,,,,,,,,,,,,,,,,,,,,,,,,,,,,,,,,,,,,,,,,,,,,,,,,,,,,,,,,,,,,0.0,1.0,0.0,0.06028661208836574,0.1350210970464135,-4.2,0.0,-5.1000000000000005,-1.3480759608873016,0.10833333333333334,13.0,0.0,-2.1999999999999993,-1.2821452649441787,0.3617363344051447,2.7,-15.900000000000002,-16.3,-2.2857887667222947,0.03482587064676617,,,,,
2002-04-30,,,,,,,,,,,,,,,,,,,,,,,,,,,,,,,,,,,,,,,,,,,,,,,,,,,,,,,,,,,,,-0.8,-0.8,-1.6,-0.7092504636807476,0.06856540084388185,-4.0,0.20000000000000018,-4.2,-1.293474811059516,0.11527777777777778,14.4,1.4000000000000004,-0.40000000000000036,-0.1672162460069231,0.5401929260450161,10.9,8.2,-1.1999999999999993,0.2596006273917743,0.5186567164179104,,,,,
2002-05-31,,,,,,,,,,,,,,,,,,,,,,,,,,,,,,,,,,,,,,,,,,,,,,,,,,,,,,,,,,,,,-1.3,-0.5,-2.9000000000000004,-1.2474501714655664,0.03270042194092827,-3.1,0.8999999999999999,-3.0,-0.9855085600470851,0.16666666666666666,14.1,-0.3000000000000007,0.1999999999999993,-0.36949603898202904,0.5064308681672026,12.1,1.1999999999999993,0.5999999999999996,0.6061524257061284,0.5907960199004975,,,,,
2002-06-30,,,,,,,,,,,,,,,,,,,,,,,,,,,,,,,,,,,,,,,,,,,,,,,,,,,,,,,,,,,,,-1.1,0.19999999999999996,-2.8,-1.1402022767563371,0.04746835443037975,-2.6,0.5,-2.4,-0.8178197048518777,0.2222222222222222,14.0,-0.09999999999999964,-0.5,-0.4198417874013416,0.4871382636655949,12.9,0.8000000000000007,2.700000000000001,0.8143828635786456,0.6430348258706468,,,,,
2002-07-31,,,,,,,,,,,,,,,,,,,,,,,,,,,,,,,,,,,,,,,,,,,,,,,,,,,,,,,,,,,,,-0.8,0.30000000000000004,-2.2,-0.9255941503085825,0.06856540084388185,-2.5,0.10000000000000009,-1.9,-0.8015031433110615,0.24027777777777778,14.7,0.6999999999999993,0.3999999999999986,0.47184077991171297,0.5819935691318328,12.4,-0.5,2.3000000000000007,0.6291097012900242,0.6106965174129353,,,,,
2002-08-31,,,,,,,,,,,,,,,,,,,,,,,,,,,,,,,,,,,,,,,,,,,,,,,,,,,,,,,,,,,,,-0.9,-0.09999999999999998,-2.4,-1.071243834440517,0.060126582278481014,-2.3,0.20000000000000018,-0.9999999999999998,-0.7303913200180973,0.2611111111111111,14.4,-0.29999999999999893,0.9000000000000004,0.14634529403760402,0.5401929260450161,12.8,0.40000000000000036,4.700000000000001,0.7179025844447771,0.6330845771144279,,,,,
2002-09-30,,,,,,,,,,,,,,,,,,,,,,,,,,,,,,,,,,,,,,,,,,,,,,,,,,,,,,,,,,,,,-0.7,0.20000000000000007,-1.7,-0.8884159742837529,0.07911392405063292,-1.7,0.5999999999999999,0.30000000000000004,-0.5151853385378153,0.31527777777777777,15.5,1.0999999999999996,1.9000000000000004,1.6755686802530703,0.6527331189710611,12.7,-0.10000000000000142,4.6,0.6567534031115712,0.6243781094527363,,,,,
2002-10-31,,,,,,,,,,,,,,,,,,,,,,,,,,,,,,,,,,,,,,,,,,,,,,,,,,,,,,,,,,,,,-0.7,0.0,-0.6,-0.8943140974227315,0.07911392405063292,-1.4,0.30000000000000004,1.5,-0.4119379040775802,0.35138888888888886,16.5,1.0,2.9000000000000004,2.7293975605273775,0.7170418006430869,13.8,1.1000000000000014,4.300000000000001,0.9388576385373951,0.6990049751243781,,,,,
2002-11-30,,,,,,,,,,,,,,,,,,,,,,,,,,,,,,,,,,,,,,,,,,,,,,,,,,,,,,,,,,,,,-0.8,-0.10000000000000009,-1.0,-0.9960047261062606,0.06856540084388185,-1.0,0.3999999999999999,2.1,-0.2584649069985394,0.39166666666666666,17.0,0.5,4.1,2.8512897867057267,0.7556270096463023,14.2,0.3999999999999986,5.399999999999999,1.0031080186401526,0.7213930348258707,,,,,
2002-12-31,,,,,,,,,,,,,,,,,,,,,,,,,,,,,,,,,,,,,,,,,,,,,,,,,,,,,,,,,,,,,-0.7,0.10000000000000009,-0.39999999999999997,-0.8949762322323955,0.07911392405063292,-0.4,0.6,3.3000000000000003,-0.039641511007735795,0.4486111111111111,16.6,-0.3999999999999986,3.400000000000002,2.174682927360045,0.7218649517684887,14.5,0.3000000000000007,6.6,1.034939464212871,0.7288557213930348,,,,,
2003-01-31,,,,,,,,,,,,,,,,,,,,,,,,,,,,,,,,,,,,,,,,,,,,,,,,,,,,,,,,,,,,,-0.4,0.29999999999999993,-0.10000000000000003,-0.5827852453095386,0.09282700421940929,0.4,0.8,4.4,0.24818771599901754,0.5097222222222222,16.8,0.1999999999999993,2.4000000000000004,2.155886795804242,0.7427652733118971,14.9,0.40000000000000036,6.200000000000001,1.0940211461253087,0.75,,,,,
2003-02-28,,,,,,,,,,,,,,,,,,,,,,,,,,,,,,,,,,,,,,,,,,,,,,,,,,,,,,,,,,,,,0.4,0.8,1.4,0.325283864071886,0.18248945147679324,2.4,2.0,6.6,0.9608133042426432,0.5972222222222222,19.3,2.5,6.300000000000001,3.5023416484109,0.9115755627009646,14.8,-0.09999999999999964,-3.8000000000000007,1.0065487646645332,0.7412935323383084,,,,,
2003-03-31,,,,,,,,,,,,,,,,,,,,,,,,,,,,,,,,,,,,,,,,,,,,,,,,,,,,,,,,,,,,,0.2,-0.2,0.2,0.11021818754645545,0.15928270042194093,3.9,1.5,8.1,1.4443548063765812,0.7222222222222222,18.1,-1.1999999999999993,5.100000000000001,2.3216741034265156,0.8344051446945338,19.8,5.0,17.1,2.2584587883770992,0.9527363184079602,,,,,
2003-04-30,,,,,,,,,,,,,,,,,,,,,,,,,,,,,,,,,,,,,,,,,,,,,,,,,,,,,,,,,,,,,0.9,0.7,1.7000000000000002,0.8828526936520215,0.23523206751054854,4.6,0.6999999999999997,8.6,1.6164103270288304,0.7638888888888888,18.5,0.3999999999999986,4.1,2.326223363767185,0.8633440514469454,16.9,-2.900000000000002,5.999999999999998,1.3737878625084543,0.8582089552238806,,,,,
2003-05-31,,,,,,,,,,,,,,,,,,,,,,,,,,,,,,,,,,,,,,,,,,,,,,,,,,,,,,,,,,,,,1.0,0.09999999999999998,2.3,0.9475295784999349,0.25,3.6,-0.9999999999999996,6.7,1.2448606946196343,0.7069444444444445,19.2,0.6999999999999993,5.1,2.4493606649903494,0.9035369774919614,14.9,-1.9999999999999982,2.8000000000000007,0.7995391590180208,0.75,,,,,
2003-06-30,,,,,,,,,,,,,,,,,,,,,,,,,,,,,,,,,,,,,,,,,,,,,,,,,,,,,,,,,,,,,0.7,-0.30000000000000004,1.8,0.5821892011678609,0.20991561181434598,2.0,-1.6,4.6,0.7007831443265776,0.5847222222222223,20.2,1.0,6.199999999999999,2.635500346801513,0.9292604501607717,13.7,-1.200000000000001,0.7999999999999989,0.4605148949689975,0.6902985074626866,,,,,
2003-07-31,,,,,,,,,,,,,,,,,,,,,,,,,,,,,,,,,,,,,,,,,,,,,,,,,,,,,,,,,,,,,0.3,-0.39999999999999997,1.1,0.13310225420318375,0.1719409282700422,1.3,-0.7,3.8,0.48107153248812595,0.5472222222222223,20.8,0.6000000000000014,6.100000000000001,2.5729203373950504,0.9453376205787781,16.9,3.1999999999999993,4.499999999999998,1.2502709354654806,0.8582089552238806,,,,,
2003-08-31,,,,,,,,,,,,,,,,,,,,,,,,,,,,,,,,,,,,,,,,,,,,,,,,,,,,,,,,,,,,,0.5,0.2,1.4,0.36127754712292726,0.1930379746835443,1.4,0.09999999999999987,3.6999999999999997,0.5655141122479266,0.5541666666666667,20.7,-0.10000000000000142,6.299999999999999,2.2652546493979853,0.9405144694533762,16.5,-0.3999999999999986,3.6999999999999993,1.0996246396005405,0.8296019900497512,,,,,
2003-09-30,,,,,,,,,,,,,,,,,,,,,,,,,,,,,,,,,,,,,,,,,,,,,,,,,,,,,,,,,,,,,0.9,0.4,1.6,0.7914351602350471,0.23523206751054854,1.4,0.0,3.0999999999999996,0.6071766452689303,0.5541666666666667,21.6,0.9000000000000021,6.100000000000001,2.3605601746371816,0.9581993569131833,17.1,0.6000000000000014,4.400000000000002,1.1971325108067312,0.8631840796019901,,,,,
2003-10-31,,,,,,,,,,,,,,,,,,,,,,,,,,,,,,,,,,,,,,,,,,,,,,,,,,,,,,,,,,,,,1.1,0.20000000000000007,1.8,0.9700543961348986,0.2616033755274262,1.4,0.0,2.8,0.6478710415842882,0.5541666666666667,20.7,-0.9000000000000021,4.199999999999999,1.840281569440527,0.9405144694533762,16.3,-0.8000000000000007,2.5,0.9535796452181671,0.8208955223880597,,,,,
2003-11-30,,,,,,,,,,,,,,,,,,,,,,,,,,,,,,,,,,,,,,,,,,,,,,,,,,,,,,,,,,,,,1.8,0.7,2.6,1.6293796408924643,0.39662447257383965,1.2,-0.19999999999999996,2.2,0.6138685356552163,0.5430555555555555,21.0,0.3000000000000007,4.0,1.8015358986798875,0.9501607717041801,17.2,0.8999999999999986,3.0,1.1165481428204482,0.8656716417910447,,,,,
2003-12-31,,,,,,,,,,,,,,,,,,,,,,,,,,,,,,,,,,,,,,,,,,,,,,,,,,,,,,,,,,,,,3.0,1.2,3.7,2.6091632729566845,0.5959915611814346,1.9,0.7,2.3,0.9276226115850508,0.5777777777777777,20.4,-0.6000000000000014,3.799999999999997,1.4816957244153586,0.9340836012861736,17.9,0.6999999999999993,3.3999999999999986,1.214599108534688,0.9017412935323383,,,,,
2004-01-31,,,,,,,,,,,,,,,,,,,,,,,,,,,,,,,,,,,,,,,,,,,,,,,,,,,,,,,,,,,,,3.2,0.20000000000000018,3.6,2.5337887870585036,0.6160337552742616,3.0,1.1,2.6,1.364326714200892,0.6541666666666667,19.6,-0.7999999999999972,2.8000000000000007,1.132170594730276,0.9228295819935691,18.1,0.20000000000000284,3.200000000000001,1.191557048742174,0.9129353233830846,,,,,
2004-02-29,,,,,,,,,,,,,,,,,,,,,,,,,,,,,,,,,,,,,,,,,,,,,,,,,,,,,,,,,,,,,3.2,0.0,2.8000000000000003,2.3011141708788383,0.6160337552742616,3.5,0.5,1.1,1.5013028991905522,0.6958333333333333,18.1,-1.5,-1.1999999999999993,0.5773060791013832,0.8344051446945338,7.2,-10.900000000000002,-7.6000000000000005,-1.4994829274638772,0.2997512437810945,,,,,
2004-03-31,,,,,,,,,,,,,,,,,,,,,,,,,,,,,,,,,,,,,,,,,,,,,,,,,,,,,,,,,,,,,2.1,-1.1,1.9000000000000001,1.3070839955319422,0.4620253164556962,3.5,0.0,-0.3999999999999999,1.432877907540301,0.6958333333333333,19.4,1.2999999999999972,1.2999999999999972,0.9793126359735149,0.9163987138263665,23.2,16.0,3.3999999999999986,2.3587267242384637,0.9751243781094527,,,,,
2004-04-30,,,,,,,,,,,,,,,,,,,,,,,,,,,,,,,,,,,,,,,,,,,,,,,,,,,,,,,,,,,,,3.0,0.8999999999999999,2.1,1.8830243202671992,0.5959915611814346,3.9,0.3999999999999999,-0.6999999999999997,1.4950035650558668,0.7222222222222222,19.1,-0.29999999999999716,0.6000000000000014,0.8305165825556163,0.8954983922829582,19.4,-3.8000000000000007,2.5,1.3694323331475364,0.9465174129353234,,,,,
2004-05-31,,,,,,,,,,,,,,,,,,,,,,,,,,,,,,,,,,,,,,,,,,,,,,,,,,,,,,,,,,,,,3.8,0.7999999999999998,2.8,2.278183709971547,0.6487341772151899,5.0,1.1,1.4,1.761332406495531,0.7805555555555556,19.1,0.0,-0.09999999999999787,0.7844018375805496,0.8954983922829582,19.1,-0.29999999999999716,4.200000000000001,1.2269888652432335,0.9353233830845771,,,,,
2004-06-30,,,,,,,,,,,,,,,,,,,,,,,,,,,,,,,,,,,,,,,,,,,,,,,,,,,,,,,,,,,,,4.4,0.6000000000000005,3.7,2.4331531079281907,0.6761603375527426,5.7,0.7000000000000002,3.7,1.8489444580298238,0.8166666666666667,17.5,-1.6000000000000014,-2.6999999999999993,0.20512229792278347,0.792604501607717,17.5,-1.6000000000000014,3.8000000000000007,0.8174929889747758,0.8768656716417911,,,,,
2004-07-31,,,,,,,,,,,,,,,,,,,,,,,,,,,,,,,,,,,,,,,,,,,,,,,,,,,,,,,,,,,,,5.0,0.5999999999999996,4.7,2.501955234144871,0.7151898734177216,6.4,0.7000000000000002,5.1000000000000005,1.907883349616317,0.8527777777777777,16.2,-1.3000000000000007,-4.600000000000001,-0.2690860057130249,0.7009646302250804,16.2,-1.3000000000000007,-0.6999999999999993,0.48796227075796605,0.818407960199005,,,,,
2004-08-31,,,,,,,,,,,,,,,,,,,,,,,,,,,,,,,,,,,,,,,,,,,,,,,,,,,,,,,,,,,,,5.3,0.2999999999999998,4.8,2.3932948737286766,0.7320675105485233,6.4,0.0,5.0,1.7615322978509702,0.8527777777777777,15.3,-0.8999999999999986,-5.399999999999999,-0.6139596567737146,0.6366559485530546,15.5,-0.6999999999999993,-1.0,0.2887422759791006,0.7748756218905473,,,,,
2004-09-30,,,,,,,,,,,,,,,,,,,,,,,,,,,,,,,,,,,,,,,,,,,,,,,,,,,,,,,,,,,,,5.3,0.0,4.3999999999999995,2.1626286177827243,0.7320675105485233,6.8,0.39999999999999947,5.4,1.741093124522289,0.8777777777777778,13.6,-1.700000000000001,-8.000000000000002,-1.2229439516610947,0.44212218649517687,15.9,0.40000000000000036,-1.200000000000001,0.34188483646529194,0.7860696517412935,,,,,
2004-10-31,,,,,,,,,,,,,,,,,,,,,,,,,,,,,,,,,,,,,,,,,,,,,,,,,,,,,,,,,,,,,5.2,-0.09999999999999964,4.1,1.9318920283008496,0.7236286919831224,7.9,1.1000000000000005,6.5,1.8979389310285348,0.9222222222222223,13.9,0.3000000000000007,-6.799999999999999,-1.122503641648605,0.4662379421221865,16.1,0.20000000000000107,-0.1999999999999993,0.35290135615856427,0.8109452736318408,,,,,
2004-11-30,,,,,,,,,,,,,,,,,,,,,,,,,,,,,,,,,,,,,,,,,,,,,,,,,,,,,,,,,,,,,4.3,-0.9000000000000004,2.5,1.4087707160688114,0.6656118143459916,8.4,0.5,7.2,1.8823074478162871,0.9430555555555555,13.4,-0.5,-7.6,-1.316722919329845,0.40514469453376206,15.7,-0.40000000000000213,-1.5,0.21348655322468166,0.7810945273631841,,,,,
2004-12-31,,,,,,,,,,,,,,,,,,,,,,,,,,,,,,,,,,,,,,,,,,,,,,,,,,,,,,,,,,,,,2.9,-1.4,-0.10000000000000009,0.7162537305751459,0.5854430379746836,8.1,-0.3000000000000007,6.199999999999999,1.6876533364573552,0.9319444444444445,14.0,0.5999999999999996,-6.399999999999999,-1.1191194220023504,0.4871382636655949,14.8,-0.8999999999999986,-3.099999999999998,-0.06751295777813039,0.7412935323383084,,,,,
2005-01-31,,,,,,,,,,,,,,,,,,,,,,,,,,,,,,,,,,,,,,,,,,,,,,,,,,,,,,,,,,,,,2.4,-0.5,-0.8000000000000003,0.451264925178048,0.5084388185654009,7.1,-1.0,4.1,1.3508690453341279,0.8986111111111111,14.6,0.5999999999999996,-5.000000000000002,-0.9033695786116924,0.567524115755627,14.4,-0.40000000000000036,-3.700000000000001,-0.226254454197172,0.7263681592039801,,,,,
2005-02-28,,,,,,,,,,,,,,,,,,,,,,,,,,,,,,,,,,,,,,,,,,,,,,,,,,,,,,,,54.7,,,,0.8925619834710744,1.9,-0.5,-1.3000000000000003,0.18290740752223825,0.4240506329113924,5.8,-1.2999999999999998,2.3,0.9563684178900204,0.8222222222222222,14.1,-0.5,-4.000000000000002,-1.1146398465541327,0.5064308681672026,20.9,6.499999999999998,13.7,1.5341040404981103,0.9577114427860697,,,,,
2005-03-31,,,,,,,,,,,,,,,,,,,,,,,,,,,,,,,,,,,,,,,,,,,,,,,,,,,,,,,,54.5,-0.20000000000000284,,,0.8822314049586777,4.0,2.1,1.9,1.1195129684403395,0.6540084388185654,5.4,-0.39999999999999947,1.9000000000000004,0.804530380315288,0.7972222222222223,13.9,-0.1999999999999993,-5.499999999999998,-1.2143194118945702,0.4662379421221865,7.6,-13.299999999999999,-15.6,-2.4002782002049594,0.32213930348258707,,,,,
2005-04-30,,,,,,,,,,,,,,,,,,,,,,,,,,,,,,,,,,,,,,,,,,,,,,,,,,,,,,,,57.9,3.3999999999999986,,,0.9834710743801653,2.7,-1.2999999999999998,-0.2999999999999998,0.46775715007108765,0.5548523206751055,5.6,0.1999999999999993,1.6999999999999997,0.8219661517523857,0.8138888888888889,14.0,0.09999999999999964,-5.100000000000001,-1.1668948192607547,0.4871382636655949,15.1,7.5,-4.299999999999999,-0.13529217729167342,0.7611940298507462,,,,,
2005-05-31,,,,,,,,,,,,,,,,,,,,,,,,,,,,,,,,,,,,,,,,,,,,,,,,,,,,,,,,56.7,-1.1999999999999957,,,0.9752066115702479,1.8,-0.9000000000000001,-1.9999999999999998,-0.005503603878358928,0.39662447257383965,5.8,0.20000000000000018,0.7999999999999998,0.8398492156462428,0.8222222222222222,14.1,0.09999999999999964,-5.000000000000002,-1.129353967166575,0.5064308681672026,16.0,0.9000000000000004,-3.1000000000000014,0.11710304905023221,0.7960199004975125,,,,,
2005-06-30,,,,,,,,,,,,,,,,,,,,,,,,,,,,,,,,,,,,,,,,,,,,,,,,,,,,,,,,52.9,-3.8000000000000043,,,0.7727272727272727,1.8,0.0,-2.6000000000000005,-0.046857396558631324,0.39662447257383965,5.9,0.10000000000000053,0.20000000000000018,0.8288713849376127,0.8305555555555556,14.6,0.5,-2.9000000000000004,-0.9544236000539201,0.567524115755627,16.6,0.6000000000000014,-0.8999999999999986,0.28000285120692264,0.8383084577114428,,,,,
2005-07-31,,,,,,,,,,,,,,,,,,,,,,,,,,,,,,,,,,,,,,,,,,,,,,,,,,,,,,,,51.7,-1.1999999999999957,,,0.6756198347107438,1.6,-0.19999999999999996,-3.4,-0.18838972638365872,0.35864978902953587,5.2,-0.7000000000000002,-1.2000000000000002,0.5604114392259305,0.7875,15.7,1.0999999999999996,-0.5,-0.5535334392734396,0.6672025723472669,16.8,0.1999999999999993,0.6000000000000014,0.31028268651737545,0.849502487562189,,,,,
2005-08-31,,,,,,,,,,,,,,,,,,,,,,,,,,,,,,,,,,,,,,,,,,,,,,,,,,,,,,,,51.1,-0.6000000000000014,,,0.5599173553719008,1.8,0.19999999999999996,-3.5,-0.12692733148064664,0.39662447257383965,5.2,0.0,-1.2000000000000002,0.5187946700770821,0.7875,16.3,0.6000000000000014,1.0,-0.3501163118583123,0.707395498392283,16.1,-0.6999999999999993,0.6000000000000014,0.04940059152314554,0.8109452736318408,,,,,
2005-09-30,,,,,,,,,,,,,,,,,,,,,,,,,,,,,,,,,,,,,,,,,,,,,,,,,,,,,,,,52.6,1.5,,,0.7644628099173554,1.3,-0.5,-4.0,-0.44251505168684946,0.2879746835443038,5.3,0.09999999999999964,-1.5,0.5131542471481769,0.7916666666666666,17.3,1.0,3.700000000000001,0.0172944039615791,0.7797427652733119,16.0,-0.10000000000000142,0.09999999999999964,-0.01518145500838722,0.7960199004975125,,,,,
2005-10-31,,,,,,,,,,,,,,,,,,,,,,,,,,,,,,,,,,,,,,,,,,,,,,,,,,,,,,,,55.1,2.5,,,0.9132231404958677,0.9,-0.4,-4.3,-0.7127444597963191,0.23523206751054854,4.5,-0.7999999999999998,-3.4000000000000004,0.1535149407913451,0.7569444444444444,17.9,0.5999999999999979,3.9999999999999982,0.23574336536304955,0.819935691318328,16.5,0.5,0.3999999999999986,0.13109553772477583,0.8296019900497512,,,,,
2005-11-30,,,,,,,,,,,,,,,,,,,,,,,,,,,,,,,,,,,,,,,,,,,,,,,,,,,,,,,,54.1,-1.0,,,0.8636363636363636,1.2,0.29999999999999993,-3.0999999999999996,-0.5941487253809218,0.2732067510548523,4.0,-0.5,-4.4,-0.11575376601311366,0.7277777777777777,18.0,0.10000000000000142,4.6,0.2636408297851698,0.8263665594855305,16.1,-0.3999999999999986,0.40000000000000213,-0.02504060483987103,0.8109452736318408,,,,,
2005-12-31,,,,,,,,,,,,,,,,,,,,,,,,,,,,,,,,,,,,,,,,,,,,,,,,,,,,,,,,54.1,0.0,,,0.8636363636363636,1.3,0.10000000000000009,-1.5999999999999999,-0.5913052420502138,0.2879746835443038,3.2,-0.7999999999999998,-4.8999999999999995,-0.5427957133988346,0.6694444444444444,18.3,0.3000000000000007,4.300000000000001,0.3616891165826074,0.842443729903537,16.6,0.5,1.8000000000000007,0.12869841397909518,0.8383084577114428,,,,,
2006-01-31,,,,,,,,,,,,,,,,,,,,,,,,,,,,,,,,,,,,,,,,,,,,,,,,,,,,,,,,54.3,0.19999999999999574,,0.08182333839501135,0.8739669421487604,1.6,0.30000000000000004,-0.7999999999999998,-0.45566118843290165,0.35864978902953587,3.2,0.0,-3.8999999999999995,-0.6072204517398522,0.6694444444444444,17.6,-0.6999999999999993,3.0000000000000018,0.08102570861878217,0.7990353697749196,16.5,-0.10000000000000142,2.0999999999999996,0.07862170560202858,0.8296019900497512,,,,,
2006-02-28,,,,,,,,,,,,,,,,,,,,,,,,,,,,,,,,,,,,,,,,,,,,,,,,,,,,,,,,52.1,-2.1999999999999957,-2.6000000000000014,-0.9728121792173171,0.737603305785124,1.9,0.2999999999999998,0.0,-0.2938155129087104,0.4240506329113924,3.0,-0.20000000000000018,-2.8,-0.7183509613712071,0.6541666666666667,19.2,1.5999999999999979,5.1,0.7049503085785545,0.9035369774919614,,,,,,,,,,
2006-03-31,,,,,,,,,,,,,,,,,,,,,,,,,,,,,,,,,,,,,,,,,,,,,,,,,,,,,,,,52.1,0.0,-2.3999999999999986,-0.9075673494815906,0.737603305785124,0.9,-0.9999999999999999,-3.1,-0.9878717053133825,0.23523206751054854,3.0,0.0,-2.4000000000000004,-0.7016900381104008,0.6541666666666667,18.8,-0.3999999999999986,4.9,0.5399697661020203,0.8745980707395499,20.1,,12.500000000000002,1.300008215543039,0.9552238805970149,,,,,
2006-04-30,,,,,,,,,,,,,,,,,,,,,,,,,,,,,,,,,,,,,,,,,,,,,,,,,,,,,,,,55.3,3.1999999999999957,-2.6000000000000014,0.7139968842296652,0.9380165289256198,0.8,-0.09999999999999998,-1.9000000000000001,-1.0515332368218395,0.22151898734177214,2.5,-0.5,-3.0999999999999996,-0.9068377367482214,0.6055555555555555,18.8,0.0,4.800000000000001,0.5358813688115169,0.8745980707395499,17.8,-2.3000000000000007,2.700000000000001,0.4973660673114276,0.8930348258706468,,,,,
2006-05-31,,,,,,,,,,,,,,,,,,,,,,,,,,,,,,,,,,,,,,,,,,,,,,,,,,,,,,,,58.1,2.8000000000000043,1.3999999999999986,1.8497068118856461,0.987603305785124,1.2,0.3999999999999999,-0.6000000000000001,-0.7879594992167002,0.2732067510548523,1.9,-0.6000000000000001,-3.9,-1.153389381434815,0.5777777777777777,18.9,0.09999999999999787,4.799999999999999,0.5790689563623574,0.882636655948553,16.6,-1.1999999999999993,0.6000000000000014,0.06892455167955897,0.8383084577114428,,,,,
2006-06-30,,,,,,,,,,,,,,,,,,,,,,,,,,,,,,,,,,,,,,,,,,,,,,,,,,,,,,,,54.8,-3.3000000000000043,1.8999999999999986,0.27349073580359295,0.9028925619834711,1.4,0.19999999999999996,-0.40000000000000013,-0.6739497270121668,0.3048523206751055,2.4,0.5,-3.5000000000000004,-0.9262389245209108,0.5972222222222222,19.0,0.10000000000000142,4.4,0.6381528100869822,0.8890675241157556,17.9,1.2999999999999972,1.2999999999999972,0.4802523416267549,0.9017412935323383,,,,,
2006-07-31,,,,,,,,,,,,,,,,,,,,,,,,,,,,,,,,,,,,,,,,,,,,,,,,,,,,,,,,54.1,-0.6999999999999957,2.3999999999999986,-0.06725273669501837,0.8636363636363636,1.5,0.10000000000000009,-0.10000000000000009,-0.6440086766543205,0.33016877637130804,3.5,1.1,-1.7000000000000002,-0.442631447684882,0.6958333333333333,18.4,-0.6000000000000014,2.6999999999999993,0.43932827189938467,0.8504823151125402,19.5,1.6000000000000014,2.6999999999999993,0.996171288899468,0.9502487562189055,,,,,
2006-08-31,,,,,,,,,,,,,,,,,,,,,,,,,,,,,,,,,,,,,,,,,,,,,,,,,,,,,,,,52.4,-1.7000000000000028,1.2999999999999972,-0.8807132098158402,0.756198347107438,1.0,-0.5,-0.8,-1.017118482507322,0.25,3.6,0.10000000000000009,-1.6,-0.4365116150660893,0.7069444444444445,18.4,0.0,2.099999999999998,0.4767181294639394,0.8504823151125402,16.7,-2.8000000000000007,0.5999999999999979,0.03428311331263595,0.8432835820895522,,,,,
2006-09-30,,,,,,,,,,,,,,,,,,,,,,,,,,,,,,,,,,,,,,,,,,,,,,,,,,,,,,,,53.1,0.7000000000000028,0.5,-0.5094550612019724,0.7913223140495868,1.3,0.30000000000000004,0.0,-0.8180590620026965,0.2879746835443038,3.4,-0.20000000000000018,-1.9,-0.5842614178803788,0.6861111111111111,17.9,-0.5,0.5999999999999979,0.32831447228880944,0.819935691318328,15.7,-1.0,-0.3000000000000007,-0.29457827069027936,0.7810945273631841,,,,,
2006-10-31,,,,,,,,,,,,,,,,,,,,,,,,,,,,,,,,,,,,,,,,,,,,,,,,,,,,,,,,57.0,3.8999999999999986,1.8999999999999986,1.3958101314057814,0.9793388429752066,1.5,0.19999999999999996,0.6,-0.6873538887285613,0.33016877637130804,3.4,0.0,-1.1,-0.6350008650486028,0.6861111111111111,16.8,-1.0999999999999979,-1.0999999999999979,-0.10472151186879684,0.7427652733118971,16.1,0.40000000000000213,-0.3999999999999986,-0.15556944939488648,0.8109452736318408,,,,,
2006-11-30,,,,,,,,,,,,,,,,,,,,,,,,,,,,,,,,,,,,,,,,,,,,,,,,,,,,,,,,54.7,-2.299999999999997,0.6000000000000014,0.2338599204653212,0.8925619834710744,1.4,-0.10000000000000009,0.19999999999999996,-0.7477216808282053,0.3048523206751055,2.9,-0.5,-1.1,-0.967191413031216,0.6430555555555556,17.1,0.3000000000000007,-0.8999999999999986,0.08246765221651457,0.7636655948553055,14.7,-1.4000000000000021,-1.4000000000000021,-0.6075652544725381,0.7338308457711443,,,,,
2006-12-31,,,,,,,,,,,,,,,,,,,,,,,,,,,,,,,,,,,,,,,,,,,,,,,,,,,,,,,,55.3,0.5999999999999943,1.1999999999999957,0.5276526967202988,0.9380165289256198,1.9,0.5,0.5999999999999999,-0.36702246337406147,0.4240506329113924,2.8,-0.10000000000000009,-0.40000000000000036,-1.0573205512661572,0.6361111111111111,16.8,-0.3000000000000007,-1.5,-0.01227465847333809,0.7427652733118971,14.9,0.20000000000000107,-1.700000000000001,-0.5099900366844481,0.75,,,,,
2007-01-31,,,,,,,,,,,,,,,,,,,,,,,,,,,,,,,,,,,,,,,,,,,,,,,,,,,,,,,,54.8,-0.5,0.5,0.2603433261834421,0.9028925619834711,2.8,0.8999999999999999,1.1999999999999997,0.28824651500490167,0.5738396624472574,3.0,0.20000000000000018,-0.20000000000000018,-0.9426713348638027,0.6541666666666667,16.9,0.09999999999999787,-0.7000000000000028,0.07573660419086442,0.7508038585209004,14.7,-0.20000000000000107,-1.8000000000000007,-0.5453530634190099,0.7338308457711443,,,,,
2007-02-28,,,,,,,,,,,,,,,,,,,,,,,,,,,,,,,,,,,,,,,,,,,,,,,,,,,,,,,,55.1,0.30000000000000426,3.0,0.410901931168465,0.9132231404958677,2.2,-0.5999999999999996,0.30000000000000027,-0.12468818287869346,0.4778481012658228,3.3,0.2999999999999998,0.2999999999999998,-0.7657295314065211,0.6777777777777778,15.8,-1.0999999999999979,-3.3999999999999986,-0.44915567957724645,0.6768488745980707,,,,,,,,,,
2007-03-31,,,,,,,,,,,,,,,,,,,,,,,,,,,,,,,,,,,,,,,,,,,,,,,,,,,,,,,,53.1,-2.0,1.0,-0.6575466094956273,0.7913223140495868,2.7,0.5,1.8000000000000003,0.22520382414048556,0.5548523206751055,2.6,-0.6999999999999997,-0.3999999999999999,-1.1367978022172984,0.6152777777777778,17.8,2.0,-1.0,0.600966093899095,0.8102893890675241,12.6,,-7.500000000000002,-1.5836562751441303,0.6181592039800995,,,,,
2007-04-30,,,,,,,,,,,,,,,,,,,,,,,,,,,,,,,,,,,,,,,,,,,,,,,,,,,,,,,,56.1,3.0,0.8000000000000043,0.9558567624213176,0.9648760330578512,3.3,0.5999999999999996,2.5,0.651282839174293,0.6265822784810127,2.6,0.0,0.10000000000000009,-1.0990454519152641,0.6152777777777778,17.3,-0.5,-1.5,0.3758271074178068,0.7797427652733119,17.6,5.000000000000002,-0.1999999999999993,0.6197527478624013,0.8843283582089553,,,,,
2007-05-31,,,,,,,,,,,,,,,,,,,,,,,,,,,,,,,,,,,,,,,,,,,,,,,,,,,,,,,,58.6,2.5,0.5,2.0900859206497935,0.9958677685950413,3.0,-0.2999999999999998,1.8,0.45642677082720445,0.5959915611814346,2.9,0.2999999999999998,1.0,-0.89010262581065,0.6430555555555556,17.1,-0.1999999999999993,-1.7999999999999972,0.30686683368272777,0.7636655948553055,17.4,-0.20000000000000284,0.7999999999999972,0.5652111239216908,0.8718905472636815,,,,,
2007-06-30,,,,,,,,,,,,,,,,,,,,,,,,,,,,,,,,,,,,,,,,,,,,,,,,,,,,,,,,55.7,-2.8999999999999986,0.9000000000000057,0.5925091270563884,0.9524793388429752,3.4,0.3999999999999999,2.0,0.7875135566564869,0.6329113924050633,2.8,-0.10000000000000009,0.3999999999999999,-0.895666831032118,0.6361111111111111,16.7,-0.40000000000000213,-2.3000000000000007,0.10167770167278359,0.7315112540192926,18.1,0.7000000000000028,0.20000000000000284,0.8691755115224823,0.9129353233830846,,,,,
2007-07-31,,,,,,,,,,,,,,,,,,,,,,,,,,,,,,,,,,,,,,,,,,,,,,,,,,,,,,,,54.5,-1.2000000000000028,0.3999999999999986,-0.028091023141497033,0.8822314049586777,4.4,1.0000000000000004,2.9000000000000004,1.5843131442581548,0.6761603375527426,2.5,-0.2999999999999998,-1.0,-1.0025947966312634,0.6055555555555555,17.1,0.40000000000000213,-1.2999999999999972,0.3062602646081768,0.7636655948553055,19.4,1.2999999999999972,-0.10000000000000142,1.370382354274552,0.9465174129353234,,,,,
2007-08-31,,,,,,,,,,,,,,,,,,,,,,,,,,,,,,,,,,,,,,,,,,,,,,,,,,,,,,,,53.3,-1.2000000000000028,0.8999999999999986,-0.6450918194481786,0.8161157024793388,5.6,1.1999999999999993,4.6,2.4584432441139756,0.7521097046413502,2.4,-0.10000000000000009,-1.2000000000000002,-1.0008072898425573,0.5972222222222222,18.5,1.3999999999999986,0.10000000000000142,1.0131768476167367,0.8633440514469454,18.0,-1.3999999999999986,1.3000000000000007,0.7216588295626467,0.9079601990049752,,,,,
2007-09-30,,,,,,,,,,,,,,,,,,,,,,,,,,,,,,,,,,,,,,,,,,,,,,,,,,,,,,,,54.0,0.7000000000000028,0.8999999999999986,-0.2683129116658935,0.8533057851239669,6.5,0.9000000000000004,5.2,2.9168588674262828,0.7753164556962026,2.6,0.20000000000000018,-0.7999999999999998,-0.8432854278190008,0.6152777777777778,18.1,-0.3999999999999986,0.20000000000000284,0.7532892154539071,0.8344051446945338,17.5,-0.5,1.8000000000000007,0.4825959237585658,0.8768656716417911,,,,,
2007-10-31,,,,,,,,,,,,,,,,,,,,,,,,,,,,,,,,,,,,,,,,,,,,,,,,,,,,,,,,56.1,2.1000000000000014,-0.8999999999999986,0.8430635986007429,0.9648760330578512,6.2,-0.2999999999999998,4.7,2.5666303280520317,0.7647679324894515,2.7,0.10000000000000009,-0.6999999999999997,-0.7521995090423398,0.6263888888888889,18.4,0.29999999999999716,1.5999999999999979,0.8748559524163398,0.8504823151125402,18.9,1.3999999999999986,2.799999999999997,1.0355214626262512,0.9303482587064676,,,,,
2007-11-30,,,,,,,,,,,,,,,,,,,,,,,,,,,,,,,,,,,,,,,,,,,,,,,,,,,,,,,,53.2,-2.8999999999999986,-1.5,-0.7134512754262886,0.8037190082644629,6.5,0.2999999999999998,5.1,2.521695775108712,0.7753164556962026,3.2,0.5,0.30000000000000027,-0.41110869549056106,0.6694444444444444,18.5,0.10000000000000142,1.3999999999999986,0.895013324981415,0.8633440514469454,17.9,-1.0,3.1999999999999993,0.5801468743467855,0.9017412935323383,,,,,
2007-12-31,,,,,,,,,,,,,,,,,,,,,,,,,,,,,,,,,,,,,,,,,,,,,,,,,,,,,,,,55.4,2.1999999999999957,0.10000000000000142,0.47998570700962134,0.9462809917355371,6.9,0.40000000000000036,5.0,2.4540325843626176,0.7858649789029536,4.6,1.3999999999999995,1.7999999999999998,0.6749382602008492,0.7638888888888888,18.4,-0.10000000000000142,1.5999999999999979,0.7934517812343693,0.8504823151125402,17.3,-0.5999999999999979,2.4000000000000004,0.29654612660526397,0.8681592039800995,,,,,
2008-01-31,,,,,,,,,,,,,,,,,,,,,,,,,,,,,,,,,,,,,,,,,,,,,,,,,,,,,,,,55.3,-0.10000000000000142,0.5,0.4178783705103918,0.9380165289256198,6.5,-0.40000000000000036,3.7,2.0280163835551916,0.7753164556962026,5.4,0.8000000000000007,2.4000000000000004,1.4300313717733772,0.7972222222222223,16.7,-1.6999999999999993,-0.1999999999999993,-0.327380289561152,0.7315112540192926,17.4,0.09999999999999787,2.6999999999999993,0.30539687410361943,0.8718905472636815,,,,,
2008-02-29,,,,,,,,,,,,,,,,,,,,,,,,,,,,,,,,,,,,,,,,,,,,,,,,,,,,,,,,53.0,-2.299999999999997,-2.1000000000000014,-0.8334160164693897,0.78099173553719,7.1,0.5999999999999996,4.8999999999999995,2.1204093826236603,0.8080168776371308,6.1,0.6999999999999993,2.8,1.9754380477455054,0.8388888888888889,18.9,2.1999999999999993,3.099999999999998,1.0754115037840877,0.882636655948553,,,,,,,,,,
2008-03-31,,,,,,,,,,,,,,,,,,,,,,,,,,,,,,,,,,,,,,,,,,,,,,,,,,,,,,,,53.4,0.3999999999999986,0.29999999999999716,-0.5920051295685136,0.8285123966942148,8.7,1.5999999999999996,5.999999999999999,2.5711741293917485,0.8649789029535865,6.6,0.5,3.9999999999999996,2.241141389668399,0.8666666666666667,17.5,-1.3999999999999986,-0.3000000000000007,0.050025018765639175,0.792604501607717,15.4,,2.8000000000000007,-0.9033631530492722,0.7699004975124378,,,,,
2008-04-30,,,,,,,,,,,,,,,,,,,,,,,,,,,,,,,,,,,,,,,,,,,,,,,,,,,,,,,,58.4,5.0,2.299999999999997,2.120424765878499,0.9917355371900827,8.3,-0.3999999999999986,5.000000000000001,2.157956759552558,0.8544303797468354,8.0,1.4000000000000004,5.4,2.9271376482240075,0.9263888888888889,16.3,-1.1999999999999993,-1.0,-0.9868796362875996,0.707395498392283,17.8,2.4000000000000004,0.1999999999999993,0.5975258509191951,0.8930348258706468,,,,,
2008-05-31,,,,,,,,,,,,,,,,,,,,,,,,,,,,,,,,,,,,,,,,,,,,,,,,,,,,,,,,59.2,0.8000000000000043,0.6000000000000014,2.352921620535177,1.0,8.5,0.1999999999999993,5.5,2.036595727272566,0.8586497890295358,8.1,0.09999999999999964,5.199999999999999,2.696791737585088,0.9319444444444445,16.9,0.5999999999999979,-0.20000000000000284,-0.6305579403100384,0.7508038585209004,15.7,-2.1000000000000014,-1.6999999999999993,-0.764540461254352,0.7810945273631841,,,,,
2008-06-30,,,,,,,,,,,,,,,,,,,,,,,,,,,,,,,,,,,,,,,,,,,,,,,,,,,,,,,,53.3,-5.900000000000006,-2.4000000000000057,-0.6462823770488219,0.8161157024793388,7.7,-0.7999999999999998,4.300000000000001,1.6031936360956753,0.8364978902953587,8.2,0.09999999999999964,5.3999999999999995,2.5170909667821117,0.9361111111111111,18.1,1.2000000000000028,1.4000000000000021,0.45313653992075087,0.8344051446945338,16.0,0.3000000000000007,-2.1000000000000014,-0.5551531411633225,0.7960199004975125,,,,,
2008-07-31,,,,,,,,,,,,,,,,,,,,,,,,,,,,,,,,,,,,,,,,,,,,,,,,,,,,,,,,52.0,-1.2999999999999972,-2.5,-1.3203770453673302,0.7210743801652892,7.1,-0.6000000000000005,2.6999999999999993,1.294774406481282,0.8080168776371308,8.8,0.6000000000000014,6.300000000000001,2.5492588716483886,0.9513888888888888,17.4,-0.7000000000000028,0.29999999999999716,-0.36172353243476874,0.7861736334405145,16.0,0.0,-3.3999999999999986,-0.5369596751176765,0.7960199004975125,,,,,
2008-08-31,,,,,,,,,,,,,,,,,,,,,,,,,,,,,,,,,,,,,,,,,,,,,,,,,,,,,,,,48.4,-3.6000000000000014,-4.899999999999999,-2.860849206427002,0.03925619834710744,6.3,-0.7999999999999998,0.7000000000000002,0.9445072634792023,0.7679324894514767,10.0,1.1999999999999993,7.6,2.7615032837409292,0.9722222222222222,16.4,-1.0,-2.1000000000000014,-1.5047970929450476,0.7138263665594855,14.7,-1.3000000000000007,-3.3000000000000007,-1.3139974709454285,0.7338308457711443,,,,,
2008-09-30,,,,,,,,,,,,,,,,,,,,,,,,,,,,,,,,,,,,,,,,,,,,,,,,,,,,,,,,48.4,0.0,-5.600000000000001,-2.553129322649756,0.03925619834710744,4.9,-1.3999999999999995,-1.5999999999999996,0.39398558220380636,0.709915611814346,10.1,0.09999999999999964,7.5,2.4933266606017948,0.975,16.0,-0.3999999999999986,-2.1000000000000014,-1.8284431213342467,0.6913183279742765,12.8,-1.8999999999999986,-4.699999999999999,-2.247946998499269,0.6330845771144279,,,,,
2008-10-31,,,,,,,,,,,,,,,,,,,,,,,,,,,,,,,,,,,,,,,,,,,,,,,,,,,,,,,,51.2,2.8000000000000043,-4.899999999999999,-1.282336733829474,0.5867768595041323,4.6,-0.3000000000000007,-1.6000000000000005,0.2478677433532563,0.6951476793248945,9.1,-1.0,6.3999999999999995,1.90128311973853,0.9652777777777778,15.3,-0.6999999999999993,-3.099999999999998,-2.3065507197132784,0.6366559485530546,11.4,-1.4000000000000004,-7.499999999999998,-2.6190779911083433,0.5435323383084577,,,,,
2008-11-30,,,,,,,,,,,,,,,,,,,,,,,,,,,,,,,,,,,,,,,,,,,,,,,,,,,,,,,,44.6,-6.600000000000001,-8.600000000000001,-3.2550659302066705,0.01652892561983471,4.0,-0.5999999999999996,-2.5,-0.009648318919988734,0.6540084388185654,6.6,-2.5,3.3999999999999995,0.8518469920790612,0.8666666666666667,15.0,-0.3000000000000007,-3.5,-2.3195785757264575,0.6093247588424437,8.2,-3.200000000000001,-9.7,-3.3182372658610317,0.35696517412935325,,,,,
2008-12-31,,,,,,,,,,,,,,,,,,,,,,,,,,,,,,,,,,,,,,,,,,,,,,,,,,,,,,,,38.8,-5.800000000000004,-16.6,-3.845318788348499,0.008264462809917356,2.4,-1.6,-4.5,-0.6455865451255653,0.5084388185654009,2.0,-4.6,-2.5999999999999996,-0.9665927610393076,0.5847222222222223,14.8,-0.1999999999999993,-3.599999999999998,-2.244432045910114,0.5980707395498392,5.4,-2.799999999999999,-11.9,-3.4173386467461175,0.13059701492537312,,,,,
2009-01-31,,,,,,,,,,,,,,,,,,,,,,,,,,,,,,,,,,,,,,,,,,,,,,,,,,,,,,,,41.2,2.4000000000000057,-14.099999999999994,-2.756843761631274,0.012396694214876033,1.2,-1.2,-5.3,-1.1041224990820477,0.2732067510548523,-1.1,-3.1,-6.5,-2.021889670715362,0.38472222222222224,17.8,3.0,1.1000000000000014,0.30744416673797503,0.8102893890675241,5.7,0.2999999999999998,-11.7,-2.7851227498242523,0.15547263681592038,,,,,
2009-02-28,,,,,,,,,,,,,,,,,,,,,,,,,,,,,,,,,,,,,,,,,,,,,,,,,,,,,,,,45.3,4.099999999999994,-7.700000000000003,-1.698398689227756,0.02066115702479339,1.0,-0.19999999999999996,-6.1,-1.160500101874781,0.25,-3.4,-2.3,-9.5,-2.541604306819843,0.15,18.8,1.0,-0.09999999999999787,1.1837519862894608,0.8745980707395499,,,,,,,,,,
2009-03-31,,,,,,,,,,,,,,,,,,,,,,,,,,,,,,,,,,,,,,,,,,,,,,,,,,,,,,,,49.0,3.700000000000003,-4.399999999999999,-0.8582843397918329,0.06198347107438017,-1.6,-2.6,-10.299999999999999,-2.0417583866516185,0.014767932489451477,-4.5,-1.1,-11.1,-2.5594869491846866,0.09305555555555556,20.4,1.5999999999999979,2.8999999999999986,2.3590031213856606,0.9340836012861736,11.0,,-4.4,-1.2232761433300157,0.5310945273631841,,,,,
2009-04-30,,,,,,,,,,,,,,,,,,,,,,,,,,,,,,,,,,,,,,,,,,,,,,,,,,,,,,,,52.4,3.3999999999999986,-6.0,-0.10238154842951443,0.756198347107438,-1.2,0.40000000000000013,-9.5,-1.8171318248673856,0.04113924050632911,-6.0,-1.5,-14.0,-2.6334325895998143,0.019444444444444445,25.5,5.100000000000001,9.2,4.319548020680193,0.9662379421221865,8.3,-2.6999999999999993,-9.5,-1.8109565704635342,0.3619402985074627,,,,,
2009-05-31,,,,,,,,,,,,,,,,,,,,,,,,,,,,,,,,,,,,,,,,,,,,,,,,,,,,,,,,53.5,1.1000000000000014,-5.700000000000003,0.1685711494744687,0.8347107438016529,-1.5,-0.30000000000000004,-10.0,-1.826900505983545,0.017932489451476793,-6.6,-0.5999999999999996,-14.7,-2.4814212085295533,0.016666666666666666,26.0,0.5,9.100000000000001,3.5716841838331113,0.9742765273311897,7.3,-1.0000000000000009,-8.399999999999999,-1.8894407974470526,0.3072139303482587,,,,,
2009-06-30,,,,,,,,,,,,,,,,,,,,,,,,,,,,,,,,,,,,,,,,,,,,,,,,,,,,,,,,53.1,-0.3999999999999986,-0.19999999999999574,0.0904193497954845,0.7913223140495868,-1.4,0.10000000000000009,-9.1,-1.7060334939146329,0.024261603375527425,-7.2,-0.6000000000000005,-15.399999999999999,-2.3489635607825514,0.011111111111111112,25.7,-0.3000000000000007,7.599999999999998,2.91869726762649,0.9710610932475884,8.9,1.6000000000000005,-7.1,-1.3861634935781721,0.39676616915422885,,,,,
2009-07-31,,,,,,,,,,,,,,,,,,,,,,,,,,,,,,,,,,,,,,,,,,,,,,,,,,,,,,,,53.2,0.10000000000000142,1.2000000000000028,0.11843496518303227,0.8037190082644629,-1.7,-0.30000000000000004,-8.799999999999999,-1.711855348949432,0.012658227848101266,-7.8,-0.5999999999999996,-16.6,-2.2303820684858304,0.008333333333333333,28.5,2.8000000000000007,11.100000000000001,3.2306000233952736,0.9887459807073955,10.7,1.799999999999999,-5.300000000000001,-0.8867208716089053,0.5049751243781094,,,,,
2009-08-31,,,,,,,,,,,,,,,,,,,,,,,,,,,,,,,,,,,,,,,,,,,,,,,,,,,,,,,,53.3,0.09999999999999432,4.899999999999999,0.1351479809950655,0.8161157024793388,-1.8,-0.10000000000000009,-8.1,-1.6651449780040513,0.00949367088607595,-8.2,-0.39999999999999947,-18.2,-2.0961738599319877,0.002777777777777778,28.4,-0.10000000000000142,12.0,2.7448257678051315,0.9839228295819936,10.8,0.10000000000000142,-3.8999999999999986,-0.8132340977738323,0.5074626865671642,,,,,
2009-09-30,,,,,,,,,,,,,,,,,,,,,,,,,,,,,,,,,,,,,,,,,,,,,,,,,,,,,,,,54.0,0.7000000000000028,5.600000000000001,0.28548648269570875,0.8533057851239669,-1.2,0.6000000000000001,-6.1000000000000005,-1.4240797441171642,0.04113924050632911,-7.9,0.29999999999999893,-18.0,-1.8726377009401505,0.005555555555555556,28.5,0.10000000000000142,12.5,2.444190229662205,0.9887459807073955,12.3,1.5,-0.5,-0.41448128986128424,0.6069651741293532,,,,,
2009-10-31,,,,,,,,,,,,,,,,,,,,,,,,,,,,,,,,,,,,,,,,,,,,,,,,,,,,,,,,54.3,0.29999999999999716,3.0999999999999943,0.37336212844858463,0.8739669421487604,-0.8,0.3999999999999999,-5.3999999999999995,-1.260215611182104,0.06856540084388185,-7.0,0.9000000000000004,-16.1,-1.5914214545211094,0.013888888888888888,29.3,0.8000000000000007,14.0,2.351979804696428,0.9935691318327974,13.9,1.5999999999999996,2.5,0.0,0.7064676616915423,,,,,
2009-11-30,,,,,,,,,,,,,,,,,,,,,,,,,,,,,,,,,,,,,,,,,,,,,,,,,,,,,,,,55.2,0.9000000000000057,10.600000000000001,0.5722436666695973,0.9256198347107438,-0.5,0.30000000000000004,-4.5,-1.1393285046432333,0.08860759493670886,-5.8,1.2000000000000002,-12.399999999999999,-1.3019437343420535,0.03611111111111111,29.5,0.1999999999999993,14.5,2.1612086131223998,0.9967845659163987,16.1,2.200000000000001,7.900000000000002,0.5368516925631979,0.8109452736318408,,,,,
2009-12-31,,,,,,,,,,,,,,,,,,,,,,,,,,,,,,,,,,,,,,,,,,,,,,,,,,,,,,,,55.2,0.0,16.400000000000006,0.5730843322368954,0.9256198347107438,0.6,1.1,-1.7999999999999998,-0.801083659793324,0.20147679324894516,-2.1,3.6999999999999997,-4.1,-0.6333321505141233,0.2833333333333333,29.7,0.1999999999999993,14.899999999999999,2.007676770068312,1.0,19.2,3.099999999999998,13.799999999999999,1.2446616661394014,0.9378109452736318,,,,,
2010-01-31,,,,,,,,,,,,,,,,,,,,,,,,,,,,,,,,,,,,,,,,,,,,,,,,,,,,,,,,56.6,1.3999999999999986,15.399999999999999,0.8703153346337108,0.9710743801652892,1.9,1.2999999999999998,0.7,-0.41460334851381625,0.4240506329113924,1.7,3.8,2.8,0.028290086318730385,0.5680555555555555,27.7,-2.0,9.899999999999999,1.4919392488254808,0.9807073954983923,18.5,-0.6999999999999993,12.8,1.0291459184240224,0.9216417910447762,,,,,
2010-02-28,,,,,,,,,,,,,,,,,,,,,,,,,,,,,,,,,,,,,,,,,,,,,,,,,,,,,,,,55.8,-0.8000000000000043,10.5,0.6853196502369245,0.9586776859504132,1.5,-0.3999999999999999,0.5,-0.523815202562945,0.33016877637130804,4.3,2.5999999999999996,7.699999999999999,0.4713984891611617,0.7444444444444445,26.1,-1.5999999999999979,7.300000000000001,1.1071923487831856,0.977491961414791,,,,,,,,,,
2010-03-31,,,,,,,,,,,,,,,,,,,,,,,,,,,,,,,,,,,,,,,,,,,,,,,,,,,,,,,,52.0,-3.799999999999997,3.0,-0.15473099340907523,0.7210743801652892,2.7,1.2000000000000002,4.300000000000001,-0.17621433081610582,0.5548523206751055,5.4,1.1000000000000005,9.9,0.6438600438811353,0.7972222222222223,25.5,-0.6000000000000014,5.100000000000001,0.9371789998269447,0.9662379421221865,12.8,,1.8000000000000007,-0.3328591645457433,0.6330845771144279,,,,,
2010-04-30,,,,,,,,,,,,,,,,,,,,,,,,,,,,,,,,,,,,,,,,,,,,,,,,,,,,,,,,55.1,3.1000000000000014,2.700000000000003,0.5444366345631249,0.9132231404958677,2.4,-0.30000000000000027,3.5999999999999996,-0.2556270851586756,0.5084388185654009,5.9,0.5,11.9,0.7088054131851671,0.8305555555555556,22.5,-3.0,-3.0,0.3191950034456332,0.9614147909967846,18.1,5.300000000000001,9.8,0.926105695135341,0.9129353233830846,,,,,
2010-05-31,,,,,,,,,,,,,,,,,,,,,,,,,,,,,,,,,,,,,,,,,,,,,,,,,,,,,,,,55.7,0.6000000000000014,2.200000000000003,0.71015709424276,0.9524793388429752,2.8,0.3999999999999999,4.3,-0.1382385334892093,0.5738396624472574,6.8,0.8999999999999995,13.399999999999999,0.8352702492623189,0.8777777777777778,21.5,-1.0,-4.5,0.09765756245458733,0.954983922829582,17.8,-0.3000000000000007,10.5,0.8497807951432507,0.8930348258706468,,,,,
2010-06-30,,,,,,,,,,,,,,,,,,,,,,,,,,,,,,,,,,,,,,,,,,,,,,,,,,,,,,,,53.9,-1.8000000000000043,0.7999999999999972,0.3129297930714725,0.8450413223140496,3.1,0.30000000000000027,4.5,-0.0490256260376941,0.6054852320675106,7.1,0.2999999999999998,14.3,0.856629175875005,0.8986111111111111,21.0,-0.5,-4.699999999999999,-0.026367652391302742,0.9501607717041801,16.5,-1.3000000000000007,7.6,0.5575078337317945,0.8296019900497512,,,,,
2010-07-31,,,,,,,,,,,,,,,,,,,,,,,,,,,,,,,,,,,,,,,,,,,,,,,,,,,,,,,,52.1,-1.7999999999999972,-1.1000000000000014,-0.08501009054134377,0.737603305785124,2.9,-0.20000000000000018,4.6,-0.0949733227014063,0.5854430379746836,6.4,-0.6999999999999993,14.2,0.7165024722403235,0.8527777777777777,18.5,-2.5,-10.0,-0.5421055445456391,0.8633440514469454,13.7,-2.8000000000000007,3.0,-0.07374742456660731,0.6902985074626866,,,,,
2010-08-31,,,,,,,,,,,,,,,,,,,,,,,,,,,,,,,,,,,,,,,,,,,,,,,,,,,,,,,,51.2,-0.8999999999999986,-2.0999999999999943,-0.27851139157124327,0.5867768595041323,3.3,0.3999999999999999,5.1,0.039713822024428545,0.6265822784810127,4.8,-1.6000000000000005,13.0,0.4395143254093889,0.7722222222222223,17.6,-0.8999999999999986,-10.799999999999997,-0.7174388668261291,0.7990353697749196,13.4,-0.29999999999999893,2.5999999999999996,-0.11501022159861374,0.6703980099502488,,,,,
2010-09-30,,,,,,,,,,,,,,,,,,,,,,,,,,,,,,,,,,,,,,,,,,,,,,,,,,,,,,,,51.7,0.5,-2.299999999999997,-0.14908164179502173,0.6756198347107438,3.5,0.20000000000000018,4.7,0.12409561878254852,0.6371308016877637,4.3,-0.5,12.2,0.34863401356476675,0.7444444444444445,19.2,1.5999999999999979,-9.3,-0.40106232589438107,0.9035369774919614,13.9,0.5,1.5999999999999996,0.03757821684231468,0.7064676616915423,,,,,
2010-10-31,,,,,,,,,,,,,,,,,,,,,,,,,,,,,,,,,,,,,,,,,,,,,,,,,,,,,,,,53.8,2.0999999999999943,-0.5,0.35260422372303574,0.8388429752066116,3.6,0.10000000000000009,4.4,0.17719983721650312,0.6413502109704642,4.3,0.0,11.3,0.34076700218150385,0.7444444444444445,19.0,-0.1999999999999993,-10.3,-0.44584410455168744,0.8890675241157556,13.3,-0.5999999999999996,-0.5999999999999996,-0.07335053093496524,0.6604477611940298,,,,,
2010-11-30,,,,,,,,,,,,,,,,,,,,,,,,,,,,,,,,,,,,,,,,,,,,,,,,,,,,,,,,54.7,0.9000000000000057,-0.5,0.5500618663926146,0.8925619834710744,4.4,0.8000000000000003,4.9,0.4401567766685954,0.6761603375527426,5.0,0.7000000000000002,10.8,0.4465107620292114,0.7805555555555556,19.3,0.3000000000000007,-10.2,-0.3901874342059675,0.9115755627009646,13.1,-0.20000000000000107,-3.0000000000000018,-0.08937418056410182,0.6492537313432836,,,,,
2010-12-31,,,,,,,,,,,,,,,,,,,,,,,,,,,,,,,,,,,,,,,,,,,,,,,,,,,,,,,,55.2,0.5,0.0,0.6677608336511716,0.9256198347107438,5.1,0.6999999999999993,4.5,0.6777738360375207,0.7183544303797469,6.1,1.0999999999999996,8.2,0.6179329260180857,0.8388888888888889,19.5,0.1999999999999993,-10.2,-0.3567061233664195,0.9196141479099679,13.3,0.20000000000000107,-5.899999999999999,-0.0040960213813867,0.6604477611940298,,,,,
2011-01-31,,,,,,,,,,,,,,,,,,,,,,,,,,,,,,,,,,,,,,,,,,,,,,,,,,,,,,,,53.9,-1.3000000000000043,-2.700000000000003,0.3772841605605492,0.8450413223140496,4.6,-0.5,2.6999999999999997,0.5475981367636341,0.6951476793248945,5.9,-0.1999999999999993,4.2,0.5822346386331807,0.8305555555555556,19.7,0.1999999999999993,-8.0,-0.33659366778378036,0.9260450160771704,13.5,0.1999999999999993,-5.0,0.08356975777004956,0.6791044776119403,9.8,,,,0.9827586206896551
2011-02-28,,,,,,,,,,,,,,,,,,,,,,,,,,,,,,,,,,,,,,,,,,,,,,,,,,,,,,,,52.9,-1.0,-2.8999999999999986,0.1449750342087448,0.7727272727272727,4.9,0.3000000000000007,3.4000000000000004,0.6737041448848442,0.709915611814346,6.6,0.6999999999999993,2.3,0.6931804091106152,0.8666666666666667,17.2,-2.5,-8.900000000000002,-0.8381363101286633,0.7733118971061094,,,,,,,,,,
2011-03-31,,,,,,,,,,,,,,,,,,,,,,,,,,,,,,,,,,,,,,,,,,,,,,,,,,,,,,,,52.2,-0.6999999999999957,0.20000000000000284,-0.010365761830126404,0.7479338842975206,4.9,0.0,2.2,0.7413740591720994,0.709915611814346,7.2,0.6000000000000005,1.7999999999999998,0.786634244541413,0.9055555555555556,15.7,-1.5,-9.8,-1.1246593850451627,0.6672025723472669,14.1,,1.299999999999999,0.2611741666815375,0.7176616915422885,,,,,
2011-04-30,,,,,,,,,,,,,,,,,,,,,,,,,,,,,,,,,,,,,,,,,,,,,,,,,,,,,,,,53.4,1.1999999999999957,-1.7000000000000028,0.31104056664801555,0.8285123966942148,5.4,0.5,3.0000000000000004,0.9739751189449776,0.740506329113924,7.3,0.09999999999999964,1.3999999999999995,0.8083312747909982,0.9097222222222222,16.6,0.9000000000000021,-5.899999999999999,-0.9449395333263427,0.7218649517684887,14.8,0.7000000000000011,-3.3000000000000007,0.49177936623046203,0.7412935323383084,9.7,,,,0.9655172413793104
2011-05-31,,,,,,,,,,,,,,,,,,,,,,,,,,,,,,,,,,,,,,,,,,,,,,,,,,,,,,,,52.9,-0.5,-2.8000000000000043,0.2433678706172791,0.7727272727272727,5.3,-0.10000000000000053,2.5,1.0203902425205416,0.7320675105485233,6.8,-0.5,0.0,0.7364017057799416,0.8777777777777778,15.3,-1.3000000000000007,-6.199999999999999,-1.1892091926682054,0.6366559485530546,13.4,-1.4000000000000004,-4.4,0.11536512412027598,0.6703980099502488,,,,,
2011-06-30,,,,,,,,,,,,,,,,,,,,,,,,,,,,,,,,,,,,,,,,,,,,,,,,,,,,,,,,52.0,-0.8999999999999986,-1.8999999999999986,0.026544370749758742,0.7210743801652892,5.5,0.20000000000000018,2.4,1.1567407450929852,0.7468354430379747,6.8,0.0,-0.2999999999999998,0.7469744142601449,0.8777777777777778,15.1,-0.20000000000000107,-5.9,-1.1939306437935149,0.6141479099678456,13.3,-0.09999999999999964,-3.1999999999999993,0.11147386153499719,0.6604477611940298,,,,,
2011-07-31,,,,,,,,,,,,,,,,,,,,,,,,,,,,,,,,,,,,,,,,,,,,,,,,,,,,,,,,50.9,-1.1000000000000014,-1.2000000000000028,-0.24218552836290716,0.512396694214876,6.4,0.9000000000000004,3.5000000000000004,1.5244675542011534,0.770042194092827,7.1,0.2999999999999998,0.6999999999999993,0.8103489090232916,0.8986111111111111,15.9,0.8000000000000007,-2.5999999999999996,-1.0191358617167285,0.6832797427652733,15.1,1.799999999999999,1.4000000000000004,0.6447977066919497,0.7611940298507462,9.5,,,,0.9482758620689655
2011-08-31,,,,,,,,,,,,,,,,,,,,,,,,,,,,,,,,,,,,,,,,,,,,,,,,,,,,,,,,50.7,-0.19999999999999574,-0.5,-0.3115366779163914,0.47520661157024796,6.5,0.09999999999999964,3.2,1.5555471331694908,0.7753164556962026,7.5,0.40000000000000036,2.7,0.90005864967436,0.9138888888888889,14.7,-1.200000000000001,-2.900000000000002,-1.2336678482219372,0.5819935691318328,14.0,-1.0999999999999996,0.5999999999999996,0.3312563586762489,0.7126865671641791,,,,,
2011-09-30,,,,,,,,,,,,,,,,,,,,,,,,,,,,,,,,,,,,,,,,,,,,,,,,,,,,,,,,50.9,0.19999999999999574,-0.8000000000000043,-0.28141841108428856,0.512396694214876,6.2,-0.2999999999999998,2.7,1.4034442154917561,0.7647679324894515,7.3,-0.20000000000000018,3.0,0.8929164214526064,0.9097222222222222,13.5,-1.1999999999999993,-5.699999999999999,-1.4302149998634095,0.4228295819935691,13.5,-0.5,-0.40000000000000036,0.17882274465524609,0.6791044776119403,,,,,
2011-10-31,,,,,,,,,,,,,,,,,,,,,,,,,,,,,,,,,,,,,,,,,,,,,,,,,,,,,,,,51.2,0.30000000000000426,-2.5999999999999943,-0.204473630332128,0.5867768595041323,6.1,-0.10000000000000053,2.4999999999999996,1.3272713334756827,0.7616033755274262,6.5,-0.7999999999999998,2.2,0.7783338559067552,0.8611111111111112,13.0,-0.5,-6.0,-1.4896932273184147,0.3617363344051447,13.8,0.3000000000000007,0.5,0.24572784187317365,0.6990049751243781,9.1,,,,0.9310344827586207
2011-11-30,,,,,,,,,,,,,,,,,,,,,,,,,,,,,,,,,,,,,,,,,,,,,,,,,,,,,,,,50.4,-0.8000000000000043,-4.300000000000004,-0.4753256777157045,0.4194214876033058,5.5,-0.5999999999999996,1.0999999999999996,1.0758788646964206,0.7468354430379747,5.0,-1.5,0.0,0.5291959126670163,0.7805555555555556,12.9,-0.09999999999999964,-6.4,-1.475901444990613,0.34887459807073956,13.2,-0.6000000000000014,0.09999999999999964,0.02657071354602275,0.654228855721393,,,,,
2011-12-31,,,,,,,,,,,,,,,,,,,,,,,,,,,,,,,,,,,,,,,,,,,,,,,,,,,,,,,,49.0,-1.3999999999999986,-6.200000000000003,-1.1609632879035818,0.06198347107438017,4.2,-1.2999999999999998,-0.8999999999999995,0.5797417043106106,0.6603375527426161,2.7,-2.3,-3.3999999999999995,0.12562477943704908,0.6263888888888889,12.7,-0.20000000000000107,-6.800000000000001,-1.4807253292695237,0.3295819935691318,12.4,-0.7999999999999989,-0.9000000000000004,-0.307238865142104,0.6106965174129353,,,,,
2012-01-31,,,,,,,,,,,,,,,,,,,,,,,,,,,,,,,,,,,,,,,,,,,,,,,,,,,,,,,,50.3,1.2999999999999972,-3.6000000000000014,-1.0457360209577722,0.3884297520661157,4.1,-0.10000000000000053,-0.5,0.5140680485204391,0.6582278481012658,1.7,-1.0000000000000002,-4.2,-0.062104636625312945,0.5680555555555555,13.6,0.9000000000000004,-6.1,-1.268801367622248,0.44212218649517687,12.8,0.40000000000000036,-0.6999999999999993,-0.27567625437641224,0.6330845771144279,8.9,,-0.9000000000000004,,0.9137931034482759
2012-02-29,,,,,,,,,,,,,,,,,,,,,,,,,,,,,,,,,,,,,,,,,,,,,,,,,,,,,,,,50.5,0.20000000000000284,-2.3999999999999986,-1.2003412326502296,0.44421487603305787,4.5,0.40000000000000036,-0.40000000000000036,0.6240273302847738,0.6877637130801688,0.7,-1.0,-5.8999999999999995,-0.2599032232110375,0.5222222222222223,12.4,-1.1999999999999993,-4.799999999999999,-1.4117562622857402,0.3135048231511254,,,,,,,,,,
2012-03-31,,,,,,,,,,,,,,,,,,,,,,,,,,,,,,,,,,,,,,,,,,,,,,,,,,,,,,,,51.0,0.5,-1.2000000000000028,-1.017121346248937,0.5351239669421488,3.2,-1.2999999999999998,-1.7000000000000002,0.10704843348749447,0.6160337552742616,0.0,-0.7,-7.2,-0.4133422236951429,0.4708333333333333,13.0,0.5999999999999996,-2.6999999999999993,-1.2418378833980541,0.3617363344051447,11.4,,-2.6999999999999993,-0.8054621082651953,0.5435323383084577,,,,,
2012-04-30,,,,,,,,,,,,,,,,,,,,,,,,,,,,,,,,,,,,,,,,,,,,,,,,,,,,,,,,53.1,2.1000000000000014,-0.29999999999999716,0.10001140760998162,0.7913223140495868,3.6,0.3999999999999999,-1.8000000000000003,0.21545800308636426,0.6413502109704642,-0.3,-0.3,-7.6,-0.5110547271315722,0.45694444444444443,13.4,0.40000000000000036,-3.200000000000001,-1.1088475212353095,0.40514469453376206,11.9,0.5,-2.9000000000000004,-0.6988836819963666,0.5758706467661692,8.1,,-1.5999999999999996,,0.896551724137931
2012-05-31,,,,,,,,,,,,,,,,,,,,,,,,,,,,,,,,,,,,,,,,,,,,,,,,,,,,,,,,53.3,0.19999999999999574,0.3999999999999986,0.21064176725454634,0.8161157024793388,3.4,-0.20000000000000018,-1.9,0.08798786333455905,0.6329113924050633,-0.7,-0.39999999999999997,-7.5,-0.6391353885221022,0.42777777777777776,12.8,-0.5999999999999996,-2.5,-1.1440598708164167,0.33762057877813506,9.3,-2.5999999999999996,-4.1,-1.856350160516614,0.43781094527363185,,,,,
2012-06-30,,,,,,,,,,,,,,,,,,,,,,,,,,,,,,,,,,,,,,,,,,,,,,,,,,,,,,,,50.4,-2.8999999999999986,-1.6000000000000014,-1.2771185178181927,0.4194214876033058,3.0,-0.3999999999999999,-2.5,-0.13400822024335626,0.5959915611814346,-1.4,-0.7,-8.2,-0.8421539489287531,0.35138888888888886,13.2,0.3999999999999986,-1.9000000000000004,-1.0183395238210355,0.3778135048231511,9.6,0.29999999999999893,-3.700000000000001,-1.7701586457974794,0.4539800995024876,,,,,
2012-07-31,,,,,,,,,,,,,,,,,,,,,,,,,,,,,,,,,,,,,,,,,,,,,,,,,,,,,,,,50.2,-0.19999999999999574,-0.6999999999999957,-1.3051328490277325,0.3512396694214876,2.2,-0.7999999999999998,-4.2,-0.5672561419693721,0.4778481012658228,-2.1,-0.7000000000000002,-9.2,-1.0720726149151316,0.2833333333333333,13.6,0.40000000000000036,-2.3000000000000007,-0.90337249588332,0.44212218649517687,9.5,-0.09999999999999964,-5.6,-1.754340362010604,0.4465174129353234,7.6,,-1.9000000000000004,,0.7931034482758621
2012-08-31,,,,,,,,,,,,,,,,,,,,,,,,,,,,,,,,,,,,,,,,,,,,,,,,,,,,,,,,50.1,-0.10000000000000142,-0.6000000000000014,-1.2803472620314553,0.2975206611570248,1.8,-0.40000000000000013,-4.7,-0.8707043685611868,0.39662447257383965,-2.9,-0.7999999999999998,-10.4,-1.3558425017580562,0.18472222222222223,13.9,0.3000000000000007,-0.7999999999999989,-0.8074898802467423,0.4662379421221865,9.2,-0.3000000000000007,-4.800000000000001,-1.8024177103108328,0.4253731343283582,,,,,
2012-09-30,,,,,,,,,,,,,,,,,,,,,,,,,,,,,,,,,,,,,,,,,,,,,,,,,,,,,,,,49.2,-0.8999999999999986,-1.6999999999999957,-1.60965881617861,0.09710743801652892,2.0,0.19999999999999996,-4.2,-0.8826116644772329,0.4430379746835443,-3.5,-0.6000000000000001,-10.8,-1.6144694269536597,0.14444444444444443,13.5,-0.40000000000000036,0.0,-0.8374627985127505,0.4228295819935691,8.9,-0.29999999999999893,-4.6,-1.7908646858225263,0.39676616915422885,,,,,
2012-10-31,,,,,,,,,,,,,,,,,,,,,,,,,,,,,,,,,,,,,,,,,,,,,,,,,,,,,,,,49.8,0.5999999999999943,-1.4000000000000057,-1.243534784122515,0.22933884297520662,1.9,-0.10000000000000009,-4.199999999999999,-1.0580758828044685,0.4240506329113924,-3.6,-0.10000000000000009,-10.1,-1.7475836475706708,0.1361111111111111,14.8,1.3000000000000007,1.8000000000000007,-0.5550182423117748,0.5980707395498392,9.2,0.29999999999999893,-4.600000000000001,-1.5565286883194251,0.4253731343283582,7.4,,-1.6999999999999993,,0.7327586206896551
2012-11-30,,,,,,,,,,,,,,,,,,,,,,,,,,,,,,,,,,,,,,,,,,,,,,,,,,,,,,,,50.2,0.4000000000000057,-0.19999999999999574,-0.9980746643075791,0.3512396694214876,1.7,-0.19999999999999996,-3.8,-1.3068327569956135,0.3755274261603376,-2.8,0.8000000000000003,-7.8,-1.6363326271368033,0.19583333333333333,14.1,-0.7000000000000011,1.1999999999999993,-0.6626276151121754,0.5064308681672026,9.6,0.40000000000000036,-3.5999999999999996,-1.319071099516859,0.4539800995024876,,,,,
2012-12-31,,,,,,,,,,,,,,,,,,,,,,,,,,,,,,,,,,,,,,,,,,,,,,,,,,,,,,,,50.6,0.3999999999999986,1.6000000000000014,-0.7593643166144168,0.4628099173553719,2.0,0.30000000000000004,-2.2,-1.1886502517564195,0.4430379746835443,-2.2,0.5999999999999996,-4.9,-1.4751839489531549,0.2722222222222222,13.9,-0.1999999999999993,1.200000000000001,-0.6855598436928221,0.4662379421221865,10.1,0.5,-2.3000000000000007,-1.1038255157267511,0.47139303482587064,,,,,
2013-01-31,,,,,,,,,,,,,,,,,,,,,,,,,,,,,,,,,,,,,,,,,,,,,,,,,,,,,,,,50.6,0.0,0.30000000000000426,-0.7256399249733073,0.4628099173553719,2.5,0.5,-1.5999999999999996,-0.8766975165966843,0.5284810126582279,-1.9,0.30000000000000027,-3.5999999999999996,-1.3368800247074792,0.30416666666666664,13.8,-0.09999999999999964,0.20000000000000107,-0.6879878919552544,0.4565916398713826,10.3,0.20000000000000107,-2.5,-0.9923773184116269,0.48507462686567165,7.9,,-1.0,,0.8706896551724138
2013-02-28,,,,,,,,,,,,,,,,,,,,,,,,,,,,,,,,,,,,,,,,,,,,,,,,,,,,,,,,50.4,-0.20000000000000284,-0.10000000000000142,-0.7947847612443487,0.4194214876033058,2.0,-0.5,-2.5,-1.2407402424557068,0.4430379746835443,-1.6,0.2999999999999998,-2.3,-1.1926713247737648,0.325,15.9,2.0999999999999996,3.5,-0.045736201672609736,0.6832797427652733,,,,,,,,,,
2013-03-31,,,,,,,,,,,,,,,,,,,,,,,,,,,,,,,,,,,,,,,,,,,,,,,,,,,,,,,,50.1,-0.29999999999999716,-0.8999999999999986,-0.9216285101929421,0.2975206611570248,3.2,1.2000000000000002,0.0,-0.43068346551110576,0.6160337552742616,-1.6,0.0,-1.6,-1.1274770927289357,0.325,15.2,-0.7000000000000011,2.1999999999999993,-0.1976280205572729,0.6221864951768489,9.9,,-1.5,-1.0998767476956992,0.4651741293532338,,,,,
2013-04-30,,,,,,,,,,,,,,,,,,,,,,,,,,,,,,,,,,,,,,,,,,,,,,,,,,,,,,,,50.9,0.7999999999999972,-2.200000000000003,-0.4359076077850146,0.512396694214876,2.1,-1.1,-1.5,-1.1754525175318893,0.4620253164556962,-1.9,-0.2999999999999998,-1.5999999999999999,-1.135522441943644,0.30416666666666664,15.7,0.5,2.299999999999999,0.04790638548169582,0.6672025723472669,8.9,-1.0,-3.0,-1.4676235161105822,0.39676616915422885,7.7,,-0.39999999999999947,,0.8189655172413793
2013-05-31,,,,,,,,,,,,,,,,,,,,,,,,,,,,,,,,,,,,,,,,,,,,,,,,,,,,,,,,50.6,-0.29999999999999716,-2.6999999999999957,-0.5741934166272489,0.4628099173553719,2.4,0.2999999999999998,-1.0,-0.9562399689144976,0.5084388185654009,-2.6,-0.7000000000000002,-1.9000000000000001,-1.2341983037156754,0.2222222222222222,16.1,0.40000000000000213,3.3000000000000007,0.2805221571285009,0.6977491961414791,9.3,0.40000000000000036,0.0,-1.272899840844374,0.43781094527363185,,,,,
2013-06-30,,,,,,,,,,,,,,,,,,,,,,,,,,,,,,,,,,,,,,,,,,,,,,,,,,,,,,,,50.8,0.19999999999999574,0.3999999999999986,-0.40625814734852733,0.4896694214876033,2.1,-0.2999999999999998,-0.8999999999999999,-1.1238671371175775,0.4620253164556962,-2.9,-0.2999999999999998,-1.5,-1.2353000378753662,0.18472222222222223,15.8,-0.3000000000000007,2.6000000000000014,0.23503387460523362,0.6768488745980707,9.2,-0.10000000000000142,-0.40000000000000036,-1.2733393189297508,0.4253731343283582,,,,,
2013-07-31,,,,,,,,,,,,,,,,,,,,,,,,,,,,,,,,,,,,,,,,,,,,,,,,,,,,,,,,50.1,-0.6999999999999957,-0.10000000000000142,-0.8211566339778735,0.2975206611570248,2.7,0.6000000000000001,0.5,-0.7164441455785414,0.5548523206751055,-2.7,0.19999999999999973,-0.6000000000000001,-1.1216150611866187,0.20833333333333334,14.0,-1.8000000000000007,0.40000000000000036,-0.5376648252373839,0.4871382636655949,8.9,-0.29999999999999893,-0.5999999999999996,-1.326117208188215,0.39676616915422885,7.5,,-0.09999999999999964,,0.7672413793103449
2013-08-31,,,,,,,,,,,,,,,,,,,,,,,,,,,,,,,,,,,,,,,,,,,,,,,,,,,,,,,,50.3,0.19999999999999574,0.19999999999999574,-0.6709268912184584,0.3884297520661157,2.7,0.0,0.9000000000000001,-0.701219823774226,0.5548523206751055,-2.3,0.40000000000000036,0.6000000000000001,-0.9698828054792186,0.2611111111111111,14.5,0.5,0.5999999999999996,-0.2698504071357725,0.5546623794212219,9.7,0.7999999999999989,0.5,-0.8919539721810604,0.458955223880597,,,,,
2013-09-30,,,,,,,,,,,,,,,,,,,,,,,,,,,,,,,,,,,,,,,,,,,,,,,,,,,,,,,,51.0,0.7000000000000028,1.7999999999999972,-0.20757114973952465,0.5351239669421488,2.6,-0.10000000000000009,0.6000000000000001,-0.7452053012566127,0.5421940928270043,-1.6,0.6999999999999997,1.9,-0.7591627326135945,0.325,14.7,0.1999999999999993,1.1999999999999993,-0.1229404976561693,0.5819935691318328,10.4,0.7000000000000011,1.5,-0.5189735073565042,0.4925373134328358,,,,,
2013-10-31,,,,,,,,,,,,,,,,,,,,,,,,,,,,,,,,,,,,,,,,,,,,,,,,,,,,,,,,51.1,0.10000000000000142,1.3000000000000043,-0.09858746737870754,0.5599173553719008,3.1,0.5,1.2000000000000002,-0.40553629178145084,0.6054852320675106,-1.3,0.30000000000000004,2.3,-0.6496194131289433,0.36944444444444446,14.2,-0.5,-0.6000000000000014,-0.32754213704254886,0.5176848874598071,10.2,-0.20000000000000107,1.0,-0.5738997933498867,0.47761194029850745,7.8,,0.39999999999999947,-0.6729598911054728,0.8448275862068966
2013-11-30,,,,,,,,,,,,,,,,,,,,,,,,,,,,,,,,,,,,,,,,,,,,,,,,,,,,,,,,51.4,0.29999999999999716,1.1999999999999957,0.17821324081914844,0.6301652892561983,3.2,0.10000000000000009,1.5000000000000002,-0.3183251203591981,0.6160337552742616,-1.5,-0.19999999999999996,1.2999999999999998,-0.657448059959128,0.33611111111111114,14.3,0.10000000000000142,0.20000000000000107,-0.2188436945366817,0.5273311897106109,10.3,0.10000000000000142,0.7000000000000011,-0.48814155815964694,0.48507462686567165,,,,,
2013-12-31,,,,,,,,,,,,,,,,,,,,,,,,,,,,,,,,,,,,,,,,,,,,,,,,,,,,,,,,51.4,0.0,0.7999999999999972,0.2953522648051456,0.6301652892561983,3.0,-0.20000000000000018,1.0,-0.4159344741954199,0.5959915611814346,-1.4,0.10000000000000009,0.8000000000000003,-0.5920979036246329,0.35138888888888886,14.2,-0.10000000000000142,0.29999999999999893,-0.21856568312986865,0.5176848874598071,10.0,-0.3000000000000007,-0.09999999999999964,-0.5912354997483454,0.46766169154228854,,,,,
2014-01-31,,,,,,,,,,,,,,,,,,,,,,,,,,,,,,,,,,,,,,,,,,,,,,,,,,,,,,,,51.0,-0.3999999999999986,0.3999999999999986,0.02830175356454438,0.5351239669421488,2.5,-0.5,0.0,-0.7089985169404796,0.5284810126582279,-1.4,0.0,0.5,-0.5516653381117756,0.35138888888888886,13.6,-0.5999999999999996,-0.20000000000000107,-0.6294492577578762,0.44212218649517687,9.7,-0.3000000000000007,-0.6000000000000014,-0.6911503133131486,0.458955223880597,7.7,,-0.20000000000000018,-0.657343507755322,0.8189655172413793
2014-02-28,,,,,,,,,,,,,,,,,,,,,,,,,,,,,,,,,,,,,,,,,,,,,,,,,,,,,,,,50.5,-0.5,0.10000000000000142,-0.39105574776560376,0.44421487603305787,2.5,0.0,0.5,-0.6680678974728563,0.5284810126582279,-1.6,-0.20000000000000018,0.0,-0.5597561756609241,0.325,13.2,-0.40000000000000036,-2.700000000000001,-0.9397932682189385,0.3778135048231511,,,,,,,,,,
2014-03-31,,,,,,,,,,,,,,,,,,,,,,,,,,,,,,,,,,,,,,,,,,,,,,,,,,,,,,,,50.2,-0.29999999999999716,0.10000000000000142,-0.6396843442201248,0.3512396694214876,2.0,-0.5,-1.2000000000000002,-0.9479445111032916,0.4430379746835443,-2.0,-0.3999999999999999,-0.3999999999999999,-0.6204993082658324,0.29583333333333334,13.3,0.10000000000000142,-1.8999999999999986,-0.802807152638938,0.39067524115755625,8.6,,-1.3000000000000007,-1.1733476183524023,0.373134328358209,,,,,
2014-04-30,,,,,,,,,,,,,,,,,,,,,,,,,,,,,,,,,,,,,,,,,,,,,,,,,,,,,,,,50.3,0.09999999999999432,-0.6000000000000014,-0.5035799629681231,0.3884297520661157,2.4,0.3999999999999999,0.2999999999999998,-0.638028102044803,0.5084388185654009,-2.3,-0.2999999999999998,-0.3999999999999999,-0.6599841858097178,0.2611111111111111,12.1,-1.200000000000001,-3.5999999999999996,-1.8328591085074744,0.297427652733119,8.8,0.20000000000000107,-0.09999999999999964,-1.0293289192775337,0.3843283582089552,7.4,,-0.2999999999999998,-0.9101820546182057,0.7327586206896551
2014-05-31,,,,,,,,,,,,,,,,,,,,,,,,,,,,,,,,,,,,,,,,,,,,,,,,,,,,,,,,50.4,0.10000000000000142,-0.20000000000000284,-0.34700099109288673,0.4194214876033058,1.8,-0.5999999999999999,-0.5999999999999999,-0.9928901424588634,0.39662447257383965,-2.0,0.2999999999999998,0.6000000000000001,-0.5341102900955316,0.29583333333333334,13.2,1.0999999999999996,-2.900000000000002,-0.7547443557244506,0.3778135048231511,8.7,-0.10000000000000142,-0.6000000000000014,-1.0231042725238435,0.376865671641791,,,,,
2014-06-30,,,,,,,,,,,,,,,,,,,,,,,,,,,,,,,,,,,,,,,,,,,,,,,,,,,,,,,,50.8,0.3999999999999986,0.0,0.17480579520800685,0.4896694214876033,2.5,0.7,0.3999999999999999,-0.4679508912201319,0.5284810126582279,-1.4,0.6000000000000001,1.5,-0.309549840137932,0.35138888888888886,13.4,0.20000000000000107,-2.4000000000000004,-0.5263579313140477,0.40514469453376206,8.8,0.10000000000000142,-0.3999999999999986,-0.9153531527087456,0.3843283582089552,,,,,
2014-07-31,,,,,,,,,,,,,,,,,,,,,,,,,,,,,,,,,,,,,,,,,,,,,,,,,,,,,,,,51.0,0.20000000000000284,0.8999999999999986,0.41763583988183406,0.5351239669421488,2.3,-0.20000000000000018,-0.40000000000000036,-0.5740293927967259,0.49156118143459915,-1.1,0.2999999999999998,1.6,-0.15683818818150885,0.38472222222222224,14.7,1.299999999999999,0.6999999999999993,0.7912934692473035,0.5819935691318328,9.2,0.3999999999999986,0.29999999999999893,-0.6664085434123309,0.4253731343283582,7.5,,0.0,-0.681854013798372,0.7672413793103449
2014-08-31,,,,,,,,,,,,,,,,,,,,,,,,,,,,,,,,,,,,,,,,,,,,,,,,,,,,,,,,51.7,0.7000000000000028,1.4000000000000057,1.2186091453166947,0.6756198347107438,2.3,0.0,-0.40000000000000036,-0.5420747530376825,0.49156118143459915,-0.9,0.20000000000000007,1.4,-0.008724671148336475,0.4013888888888889,13.5,-1.1999999999999993,-1.0,-0.3857916204580976,0.4228295819935691,9.0,-0.1999999999999993,-0.6999999999999993,-0.7567494462628062,0.4079601990049751,,,,,
2014-09-30,,,,,,,,,,,,,,,,,,,,,,,,,,,,,,,,,,,,,,,,,,,,,,,,,,,,,,,,51.1,-0.6000000000000014,0.10000000000000142,0.48753665108898964,0.5599173553719008,2.0,-0.2999999999999998,-0.6000000000000001,-0.7951796648848386,0.4430379746835443,-1.2,-0.29999999999999993,0.40000000000000013,-0.040492631618811205,0.37916666666666665,12.8,-0.6999999999999993,-1.8999999999999986,-1.0601187659252926,0.33762057877813506,6.9,-2.0999999999999996,-3.5,-2.0614172629757106,0.2810945273631841,,,,,
2014-10-31,,,,,,,,,,,,,,,,,,,,,,,,,,,,,,,,,,,,,,,,,,,,,,,,,,,,,,,,51.1,0.0,0.0,0.4918047217323627,0.5599173553719008,1.6,-0.3999999999999999,-1.5,-1.2514023988070202,0.35864978902953587,-1.8,-0.6000000000000001,-0.5,-0.27104758536790863,0.30972222222222223,12.9,0.09999999999999964,-1.299999999999999,-0.9549628058126859,0.34887459807073956,8.0,1.0999999999999996,-2.1999999999999993,-1.3159908755539622,0.34701492537313433,7.3,,-0.5,-0.9997311466546432,0.6982758620689655
2014-11-30,,,,,,,,,,,,,,,,,,,,,,,,,,,,,,,,,,,,,,,,,,,,,,,,,,,,,,,,50.8,-0.30000000000000426,-0.6000000000000014,0.11728555666932428,0.4896694214876033,1.6,0.0,-1.6,-1.3216596970865202,0.35864978902953587,-2.2,-0.40000000000000013,-0.7000000000000002,-0.5096486854061456,0.2722222222222222,12.6,-0.3000000000000007,-1.700000000000001,-1.2340601619980194,0.32315112540192925,7.7,-0.2999999999999998,-2.6000000000000005,-1.536411053702197,0.332089552238806,,,,,
2014-12-31,,,,,,,,,,,,,,,,,,,,,,,,,,,,,,,,,,,,,,,,,,,,,,,,,,,,,,,,50.3,-0.5,-1.1000000000000014,-0.5630542512145522,0.3884297520661157,1.4,-0.20000000000000018,-1.6,-1.5486246555757202,0.3048523206751055,-2.7,-0.5,-1.3000000000000003,-0.935724297256219,0.20833333333333334,12.3,-0.29999999999999893,-1.8999999999999986,-1.497011762856106,0.3086816720257235,7.2,-0.5,-2.8,-1.874731843396536,0.2997512437810945,,,,,
2015-01-31,,,,,,,,,,,,,,,,,,,,,,,,,,,,,,,,,,,,,,,,,,,,,,,,,,,,,,,,50.1,-0.19999999999999574,-0.8999999999999986,-0.808442674041146,0.2975206611570248,1.5,0.10000000000000009,-1.0,-1.3763984018060493,0.33016877637130804,-3.3,-0.5999999999999996,-1.9,-1.5639797880461306,0.15694444444444444,12.2,-0.10000000000000142,-1.4000000000000004,-1.5049631406118555,0.30385852090032156,7.9,0.7000000000000002,-1.799999999999999,-1.3110270197261258,0.33955223880597013,7.3,,-0.40000000000000036,-1.206599499809776,0.6982758620689655
2015-02-28,,,,,,,,,,,,,,,,,,,,,,,,,,,,,,,,,,,,,,,,,,,,,,,,,,,,,,,,49.8,-0.30000000000000426,-0.7000000000000028,-1.1453548200621533,0.22933884297520662,0.8,-0.7,-1.7,-2.427547836719877,0.22151898734177214,-4.3,-1.0,-2.6999999999999997,-2.524735202429263,0.10138888888888889,10.8,-1.3999999999999986,-2.3999999999999986,-2.5633730173450893,0.22347266881028938,,,,,,,,,,
2015-03-31,,,,,,,,,,,,,,,,,,,,,,,,,,,,,,,,,,,,,,,,,,,,,,,,,,,,,,,,49.9,0.10000000000000142,-0.30000000000000426,-0.9699015960148542,0.24586776859504134,1.4,0.5999999999999999,-0.6000000000000001,-1.39147282372963,0.3048523206751055,-4.8,-0.5,-2.8,-2.765735885232422,0.07361111111111111,12.5,1.6999999999999993,-0.8000000000000007,-1.065532152916911,0.3183279742765273,6.8,,-1.7999999999999998,-2.190862364514762,0.26990049751243783,,,,,
2015-04-30,,,,,,,,,,,,,,,,,,,,,,,,,,,,,,,,,,,,,,,,,,,,,,,,,,,,,,,,50.1,0.20000000000000284,-0.19999999999999574,-0.715747917892295,0.2975206611570248,1.4,0.0,-1.0,-1.351018147269777,0.3048523206751055,-4.6,0.20000000000000018,-2.3,-2.3526715523203405,0.08333333333333333,11.6,-0.9000000000000004,-0.5,-1.7175581173687584,0.27009646302250806,5.6,-1.2000000000000002,-3.200000000000001,-2.9856772499449593,0.14427860696517414,7.0,,-0.40000000000000036,-2.0308731590103695,0.6637931034482759
2015-05-31,,,,,,,,,,,,,,,,,,,,,,,,,,,,,,,,,,,,,,,,,,,,,,,,,,,,,,,,50.1,0.0,-0.29999999999999716,-0.7786947265098778,0.2975206611570248,1.5,0.10000000000000009,-0.30000000000000004,-1.143169216714109,0.33016877637130804,-4.6,0.0,-2.5999999999999996,-2.1594997969397847,0.08333333333333333,10.1,-1.5,-3.0999999999999996,-2.604478968370784,0.18488745980707397,5.9,0.3000000000000007,-2.799999999999999,-2.3787962459666083,0.17288557213930347,,,,,
2015-06-30,,,,,,,,,,,,,,,,,,,,,,,,,,,,,,,,,,,,,,,,,,,,,,,,,,,,,,,,50.2,0.10000000000000142,-0.5999999999999943,-0.5763033956733963,0.3512396694214876,1.2,-0.30000000000000004,-1.3,-1.569193690618205,0.2732067510548523,-4.6,0.0,-3.1999999999999997,-1.9753201692615887,0.08333333333333333,10.8,0.7000000000000011,-2.5999999999999996,-1.925250298809247,0.22347266881028938,6.1,0.1999999999999993,-2.700000000000001,-2.0014093295604263,0.208955223880597,,,,,
2015-07-31,,,,,,,,,,,,,,,,,,,,,,,,,,,,,,,,,,,,,,,,,,,,,,,,,,,,,,,,50.2,0.0,-0.7999999999999972,-0.5763033956733963,0.3512396694214876,1.4,0.19999999999999996,-0.8999999999999999,-1.161968033373663,0.3048523206751055,-4.8,-0.20000000000000018,-3.6999999999999997,-1.9686335988017496,0.07361111111111111,11.8,1.0,-2.8999999999999986,-1.1661511812687528,0.2829581993569132,6.8,0.7000000000000002,-2.3999999999999995,-1.3730710366341052,0.26990049751243783,7.0,,-0.5,-1.5942485613620092,0.6637931034482759
2015-08-31,,,,,,,,,,,,,,,,,,,,,,,,,,,,,,,,,,,,,,,,,,,,,,,,,,,,,,,,50.0,-0.20000000000000284,-1.7000000000000028,-0.9439338197642284,0.25826446280991733,1.6,0.20000000000000018,-0.6999999999999997,-0.8087826764530051,0.35864978902953587,-5.4,-0.6000000000000005,-4.5,-2.2403467736026594,0.04861111111111111,13.3,1.5,-0.1999999999999993,-0.12587144791085755,0.39067524115755625,6.0,-0.7999999999999998,-3.0,-1.7955046734924636,0.1890547263681592,,,,,
2015-09-30,,,,,,,,,,,,,,,,,,,,,,,,,,,,,,,,,,,,,,,,,,,,,,,,,,,,,,,,49.7,-0.29999999999999716,-1.3999999999999986,-1.6222472323680497,0.2066115702479339,2.0,0.3999999999999999,0.0,-0.1355762868042612,0.4430379746835443,-5.9,-0.5,-4.7,-2.3777684404535155,0.027777777777777776,13.3,0.0,0.5,-0.12203068569563169,0.39067524115755625,6.1,0.09999999999999964,-0.8000000000000007,-1.5974921772619108,0.208955223880597,,,,,
2015-10-31,,,,,,,,,,,,,,,,,,,,,,,,,,,,,,,,,,,,,,,,,,,,,,,,,,,,,,,,49.8,0.09999999999999432,-1.3000000000000043,-1.4236047141188988,0.22933884297520662,1.6,-0.3999999999999999,0.0,-0.7885334719226206,0.35864978902953587,-5.9,0.0,-4.1000000000000005,-2.1784979714140054,0.027777777777777776,13.1,-0.20000000000000107,0.1999999999999993,-0.2295202316614142,0.36977491961414793,5.7,-0.39999999999999947,-2.3,-1.7142747859992373,0.15547263681592038,6.9,,-0.39999999999999947,-1.5664631725443774,0.6206896551724138
2015-11-30,,,,,,,,,,,,,,,,,,,,,,,,,,,,,,,,,,,,,,,,,,,,,,,,,,,,,,,,49.8,0.0,-1.0,-1.3703050268568477,0.22933884297520662,1.3,-0.30000000000000004,-0.30000000000000004,-1.2485836106556232,0.2879746835443038,-5.9,0.0,-3.7,-1.9925599934361735,0.027777777777777776,13.5,0.40000000000000036,0.9000000000000004,0.059978548153405434,0.4228295819935691,5.6,-0.10000000000000053,-2.1000000000000005,-1.6416159999479891,0.14427860696517414,,,,,
2015-12-31,,,,,,,,,,,,,,,,,,,,,,,,,,,,,,,,,,,,,,,,,,,,,,,,,,,,,,,,49.6,-0.19999999999999574,-0.6999999999999957,-1.637086592932615,0.19008264462809918,1.5,0.19999999999999996,0.10000000000000009,-0.8873873873876195,0.33016877637130804,-5.9,0.0,-3.2,-1.8330013108036456,0.027777777777777776,13.7,0.1999999999999993,1.3999999999999986,0.2033725221914234,0.4533762057877814,6.2,0.6000000000000005,-1.0,-1.19460731940535,0.2263681592039801,,,,,
2016-01-31,,,,,,,,,,,,,,,,,,,,,,,,,,,,,,,,,,,,,,,,,,,,,,,,,,,,,,,,49.7,0.10000000000000142,-0.3999999999999986,-1.3659658897205333,0.2066115702479339,1.6,0.10000000000000009,0.10000000000000009,-0.6853931163243792,0.35864978902953587,-5.9,0.0,-2.6000000000000005,-1.6979770353285766,0.027777777777777776,13.3,-0.3999999999999986,1.1000000000000014,-0.06592203950332039,0.39067524115755625,5.9,-0.2999999999999998,-2.0,-1.2998673672394607,0.17288557213930347,6.8,,-0.5,-1.5620950179391853,0.5517241379310345
2016-02-29,,,,,,,,,,,,,,,,,,,,,,,,,,,,,,,,,,,,,,,,,,,,,,,,,,,,,,,,49.4,-0.30000000000000426,-0.3999999999999986,-1.7722533434311836,0.1384297520661157,1.8,0.19999999999999996,1.0,-0.3510840094082141,0.39662447257383965,-5.3,0.6000000000000005,-1.0,-1.2686009145702266,0.05555555555555555,14.0,0.6999999999999993,3.1999999999999993,0.4800386288024574,0.4871382636655949,,,,,,,,,,
2016-03-31,,,,,,,,,,,,,,,,,,,,,,,,,,,,,,,,,,,,,,,,,,,,,,,,,,,,,,,,49.0,-0.3999999999999986,-0.8999999999999986,-2.2370903574967196,0.06198347107438017,2.3,0.4999999999999998,0.8999999999999999,0.5268538889254888,0.49156118143459915,-4.9,0.39999999999999947,-0.10000000000000053,-0.9818864810070896,0.06527777777777778,,,,,,5.4,,-1.3999999999999995,-1.5023118728011198,0.13059701492537312,,,,,
2016-04-30,,,,,,,,,,,,,,,,,,,,,,,,,,,,,,,,,,,,,,,,,,,,,,,,,,,,,,,,50.2,1.2000000000000028,0.10000000000000142,-0.2831698263440138,0.3512396694214876,2.3,0.0,0.8999999999999999,0.5155958128134074,0.49156118143459915,-4.3,0.6000000000000005,0.2999999999999998,-0.6004138091874966,0.10138888888888889,13.4,,1.8000000000000007,0.13763382231498286,0.40514469453376206,6.8,1.3999999999999995,1.2000000000000002,-0.6100652232718944,0.26990049751243783,6.7,,-0.2999999999999998,-1.5133774984415702,0.47413793103448276
2016-05-31,,,,,,,,,,,,,,,,,,,,,,,,,,,,,,,,,,,,,,,,,,,,,,,,,,,,,,,,50.1,-0.10000000000000142,0.0,-0.4222223071721212,0.2975206611570248,2.3,0.0,0.7999999999999998,0.5218596164007347,0.49156118143459915,-3.4,0.8999999999999999,1.1999999999999997,-0.06898875536869231,0.15,12.8,-0.5999999999999996,2.700000000000001,-0.2767895530162941,0.33762057877813506,6.0,-0.7999999999999998,0.09999999999999964,-1.0331531132867764,0.1890547263681592,,,,,
2016-06-30,,,,,,,,,,,,,,,,,,,,,,,,,,,,,,,,,,,,,,,,,,,,,,,,,,,,,,,,50.1,0.0,-0.10000000000000142,-0.3928111528338721,0.2975206611570248,2.0,-0.2999999999999998,0.8,0.0142392942952842,0.4430379746835443,-2.8,0.6000000000000001,1.7999999999999998,0.2758422096630838,0.19583333333333333,11.8,-1.0,1.0,-1.091459776497252,0.2829581993569132,6.0,0.0,-0.09999999999999964,-0.9723726678676569,0.1890547263681592,,,,,
2016-07-31,,,,,,,,,,,,,,,,,,,,,,,,,,,,,,,,,,,,,,,,,,,,,,,,,,,,,,,,50.0,-0.10000000000000142,-0.20000000000000284,-0.5496355891945715,0.25826446280991733,1.9,-0.10000000000000009,0.5,-0.12127433501078026,0.4240506329113924,-2.6,0.19999999999999973,2.1999999999999997,0.3894750364576471,0.2222222222222222,11.8,0.0,0.0,-1.030506575327194,0.2829581993569132,6.2,0.20000000000000018,-0.5999999999999996,-0.8011248323390175,0.2263681592039801,6.7,,-0.2999999999999998,-1.252328005931022,0.47413793103448276
2016-08-31,,,,,,,,,,,,,,,,,,,,,,,,,,,,,,,,,,,,,,,,,,,,,,,,,,,,,,,,49.9,-0.10000000000000142,-0.10000000000000142,-0.6889861621333203,0.24586776859504134,1.8,-0.09999999999999987,0.19999999999999996,-0.25825565547063956,0.39662447257383965,-1.7,0.9000000000000001,3.7,0.8927277668602386,0.31527777777777777,10.2,-1.6000000000000014,-3.1000000000000014,-2.2335120958594654,0.18971061093247588,6.0,-0.20000000000000018,0.0,-0.8687419270455135,0.1890547263681592,,,,,
2016-09-30,,,,,,,,,,,,,,,,,,,,,,,,,,,,,,,,,,,,,,,,,,,,,,,,,,,,,,,,50.4,0.5,0.6999999999999957,0.14565209217304725,0.4194214876033058,1.3,-0.5,-0.7,-1.0907156691845585,0.2879746835443038,-0.8,0.8999999999999999,5.1000000000000005,1.3746328518483704,0.4152777777777778,11.4,1.200000000000001,-1.9000000000000004,-1.155709864315733,0.2572347266881029,6.3,0.2999999999999998,0.20000000000000018,-0.6392121217246937,0.23880597014925373,,,,,
2016-10-31,,,,,,,,,,,,,,,,,,,,,,,,,,,,,,,,,,,,,,,,,,,,,,,,,,,,,,,,50.4,0.0,0.6000000000000014,0.18195080715170928,0.4194214876033058,1.9,0.5999999999999999,0.2999999999999998,0.04816990172828864,0.4240506329113924,0.1,0.9,6.0,1.8014670753479713,0.4861111111111111,11.5,0.09999999999999964,-1.5999999999999996,-1.0116170799430595,0.26366559485530544,6.1,-0.20000000000000018,0.39999999999999947,-0.7256578821716626,0.208955223880597,6.7,,-0.20000000000000018,-1.107987874844159,0.47413793103448276
2016-11-30,,,,,,,,,,,,,,,,,,,,,,,,,,,,,,,,,,,,,,,,,,,,,,,,,,,,,,,,51.2,0.8000000000000043,1.4000000000000057,1.5605637380962578,0.5867768595041323,2.1,0.20000000000000018,0.8,0.5452398080645638,0.4620253164556962,1.2,1.0999999999999999,7.1000000000000005,2.213078742559783,0.5430555555555555,11.6,0.09999999999999964,-1.9000000000000004,-0.8745244163792142,0.27009646302250806,6.1,0.0,0.5,-0.686819349095033,0.208955223880597,,,,,
2016-12-31,,,,,,,,,,,,,,,,,,,,,,,,,,,,,,,,,,,,,,,,,,,,,,,,,,,,,,,,51.7,0.5,2.1000000000000014,2.3279605185881116,0.6756198347107438,2.3,0.19999999999999973,0.7999999999999998,1.0982213395898779,0.49156118143459915,3.3,2.0999999999999996,9.2,2.845044567315267,0.6777777777777778,11.4,-0.1999999999999993,-2.299999999999999,-0.998786849001289,0.2572347266881029,6.2,0.10000000000000053,0.0,-0.5714164260460828,0.2263681592039801,,,,,
2017-01-31,,,,,,,,,,,,,,,,,,,,,,,,,,,,,,,,,,,,,,,,,,,,,,,,,,,,,,,,51.4,-0.30000000000000426,1.6999999999999957,1.763602462635388,0.6301652892561983,2.1,-0.19999999999999973,0.5,0.6818215204354527,0.4620253164556962,5.5,2.2,11.4,3.1734517627580505,0.8069444444444445,11.3,-0.09999999999999964,-2.0,-1.0289345978828037,0.24758842443729903,6.0,-0.20000000000000018,0.09999999999999964,-0.6934352751718325,0.1890547263681592,6.8,,0.0,-0.7092247227399907,0.5517241379310345
2017-02-28,,,,,,,,,,,,,,,,,,,,,,,,,,,,,,,,,,,,,,,,,,,,,,,,,,,,,,,,51.3,-0.10000000000000142,1.8999999999999986,1.5150748561940468,0.609504132231405,2.5,0.3999999999999999,0.7,1.635047723762687,0.5284810126582279,6.9,1.4000000000000004,12.2,3.0818052953554296,0.8888888888888888,11.3,0.0,-2.6999999999999993,-0.9726874179583563,0.24758842443729903,,,,,,,,,,
2017-03-31,,,,,,,,,,,,,,,,,,,,,,,,,,,,,,,,,,,,,,,,,,,,,,,,,,,,,,,,51.8,0.5,2.799999999999997,2.0799603272616785,0.6921487603305785,0.8,-1.7,-1.4999999999999998,-2.1745850116811245,0.22151898734177214,7.8,0.8999999999999995,12.7,2.8642325508364195,0.9194444444444444,11.1,-0.20000000000000107,,-1.0877538913061693,0.2347266881028939,6.3,,0.8999999999999995,-0.3897290346082675,0.23880597014925373,,,,,
2017-04-30,,,,,,,,,,,,,,,,,,,,,,,,,,,,,,,,,,,,,,,,,,,,,,,,,,,,,,,,51.2,-0.5999999999999943,1.0,1.1468346844778357,0.5867768595041323,0.9,0.09999999999999998,-1.4,-1.8188207915068686,0.23523206751054854,7.6,-0.20000000000000018,11.899999999999999,2.4721823219771792,0.9166666666666666,10.6,-0.5,-2.8000000000000007,-1.4487995708639607,0.21061093247588425,7.6,1.2999999999999998,0.7999999999999998,0.8420044855051393,0.32213930348258707,6.9,,0.20000000000000018,-0.24929278500463536,0.6206896551724138
2017-05-31,,,,,,,,,,,,,,,,,,,,,,,,,,,,,,,,,,,,,,,,,,,,,,,,,,,,,,,,51.2,0.0,1.1000000000000014,1.095257081902313,0.5867768595041323,1.2,0.29999999999999993,-1.0999999999999999,-1.1117783767792393,0.2732067510548523,6.4,-1.1999999999999993,9.8,1.978954526043968,0.8527777777777777,10.5,-0.09999999999999964,-2.3000000000000007,-1.4360120386728408,0.20418006430868169,6.5,-1.0999999999999996,0.5,-0.13239880659566466,0.25,,,,,
2017-06-30,,,,,,,,,,,,,,,,,,,,,,,,,,,,,,,,,,,,,,,,,,,,,,,,,,,,,,,,51.7,0.5,1.6000000000000014,1.693039627618564,0.6756198347107438,1.5,0.30000000000000004,-0.5,-0.430540737231792,0.33016877637130804,5.5,-0.9000000000000004,8.3,1.6455197877646608,0.8069444444444445,9.6,-0.9000000000000004,-2.200000000000001,-2.0050526187877966,0.17363344051446947,6.5,0.0,0.5,-0.06850102936896285,0.25,,,,,
2017-07-31,,,,,,,,,,,,,,,,,,,,,,,,,,,,,,,,,,,,,,,,,,,,,,,,,,,,,,,,51.4,-0.30000000000000426,1.3999999999999986,1.2541293688062738,0.6301652892561983,1.5,0.0,-0.3999999999999999,-0.3909464444821318,0.33016877637130804,5.5,0.0,8.1,1.545957164250388,0.8069444444444445,9.4,-0.1999999999999993,-2.4000000000000004,-2.0519136522505197,0.16720257234726688,7.6,1.0999999999999996,1.3999999999999995,1.3185316148437933,0.32213930348258707,6.9,,0.20000000000000018,-0.08006407690254191,0.6206896551724138
2017-08-31,,,,,,,,,,,,,,,,,,,,,,,,,,,,,,,,,,,,,,,,,,,,,,,,,,,,,,,,51.7,0.30000000000000426,1.8000000000000043,1.6524998741918022,0.6756198347107438,1.4,-0.10000000000000009,-0.40000000000000013,-0.5759052301849574,0.3048523206751055,5.5,0.0,7.2,1.458605709346266,0.8069444444444445,9.2,-0.20000000000000107,-1.0,-2.027950283143261,0.15755627009646303,6.4,-1.1999999999999993,0.40000000000000036,-0.05259545246918654,0.24502487562189054,,,,,
2017-09-30,,,,,,,,,,,,,,,,,,,,,,,,,,,,,,,,,,,,,,,,,,,,,,,,,,,,,,,,52.4,0.6999999999999957,2.0,2.345571481353676,0.756198347107438,1.8,0.40000000000000013,0.5,0.3717962647397709,0.39662447257383965,6.3,0.7999999999999998,7.1,1.5311869198216317,0.8444444444444444,8.9,-0.29999999999999893,-2.5,-2.0494955737565252,0.14469453376205788,6.0,-0.40000000000000036,-0.2999999999999998,-0.5926506069229639,0.1890547263681592,,,,,
2017-10-31,,,,,,,,,,,,,,,,,,,,,,,,,,,,,,,,,,,,,,,,,,,,,,,,,,,,,,,,51.6,-0.7999999999999972,1.2000000000000028,1.3211474372900085,0.6590909090909091,1.6,-0.19999999999999996,-0.2999999999999998,-0.0978411222999393,0.35864978902953587,6.9,0.6000000000000005,6.800000000000001,1.5490565504859304,0.8888888888888888,9.2,0.29999999999999893,-2.3000000000000007,-1.6946657470941524,0.15755627009646303,6.6,0.5999999999999996,0.5,0.3704792868176842,0.25497512437810943,6.8,,0.09999999999999964,-0.4380187953915549,0.5517241379310345
2017-11-30,,,,,,,,,,,,,,,,,,,,,,,,,,,,,,,,,,,,,,,,,,,,,,,,,,,,,,,,51.8,0.19999999999999574,0.5999999999999943,1.4816515988389998,0.6921487603305785,1.9,0.2999999999999998,-0.20000000000000018,0.584177755949678,0.4240506329113924,6.9,0.0,5.7,1.4526324663654915,0.8888888888888888,8.8,-0.3999999999999986,-2.799999999999999,-1.8170680452160886,0.1382636655948553,6.2,-0.39999999999999947,0.10000000000000053,-0.20792340680753327,0.2263681592039801,,,,,
2017-12-31,,,,,,,,,,,,,,,,,,,,,,,,,,,,,,,,,,,,,,,,,,,,,,,,,,,,,,,,51.6,-0.19999999999999574,-0.10000000000000142,1.181764294958501,0.6590909090909091,1.7,-0.19999999999999996,-0.5999999999999999,0.09784112229993976,0.3755274261603376,5.8,-1.1000000000000005,2.5,1.1702215299506677,0.8222222222222222,9.1,0.29999999999999893,-2.3000000000000007,-1.5051960671253306,0.15112540192926044,6.1,-0.10000000000000053,-0.10000000000000053,-0.3341692950896629,0.208955223880597,,,,,
2018-01-31,,,,,,,,,,,,,,,,,,,,,,,,,,,,,,,,,,,,,,,,,,,,,,,,,,,,,,,,51.3,-0.30000000000000426,-0.10000000000000142,0.7954485324910059,0.609504132231405,1.8,0.10000000000000009,-0.30000000000000004,0.31327672486846114,0.39662447257383965,4.9,-0.8999999999999995,-0.5999999999999996,0.945612655144778,0.775,8.2,-0.9000000000000004,-3.1000000000000014,-1.9128839314138049,0.06270096463022508,6.2,0.10000000000000053,0.20000000000000018,-0.0754331052484634,0.2263681592039801,6.8,,0.0,-0.31063037209867006,0.5517241379310345
2018-02-28,,,,,,,,,,,,,,,,,,,,,,,,,,,,,,,,,,,,,,,,,,,,,,0.58,,,,0.7842105263157895,1.98,,,,0.3,50.3,-1.0,-1.0,-0.36509925200413884,0.3884297520661157,1.5,-0.30000000000000004,-1.0,-0.46515089379828545,0.33016877637130804,4.3,-0.6000000000000005,-2.6000000000000005,0.7861952675253809,0.7444444444444445,8.6,0.40000000000000036,-2.700000000000001,-1.5662760460848653,0.12057877813504823,,,,,,,,,,
2018-03-31,,,,,,,,,,,,,,,,,,,,,,,,,,,,,,,,,,,,,,,,,,,,,,0.62,0.040000000000000036,,,0.8210526315789474,2.04,0.06000000000000005,,,0.35789473684210527,51.5,1.2000000000000028,-0.29999999999999716,0.963620920435698,0.6487603305785123,2.9,1.4,2.0999999999999996,2.633951259905469,0.5854430379746836,3.7,-0.5999999999999996,-4.1,0.6315532163192727,0.7152777777777778,8.8,0.20000000000000107,-2.299999999999999,-1.3565016314545477,0.1382636655948553,7.2,,0.9000000000000004,1.8980043700455334,0.2997512437810945,,,,,
2018-04-30,,,,,,,,,,,,,,,,,,,,,,,,,,,,,,,,,,,,,,,,,,,,,,,,,,,,,,,,51.4,-0.10000000000000142,0.19999999999999574,0.8044838996393552,0.6301652892561983,2.1,-0.7999999999999998,1.2000000000000002,0.7916833643269392,0.4620253164556962,3.1,-0.6000000000000001,-4.5,0.48023086870007287,0.6638888888888889,8.2,-0.6000000000000014,-2.4000000000000004,-1.588840753981048,0.06270096463022508,6.0,-1.2000000000000002,-1.5999999999999996,-0.5320018777632838,0.1890547263681592,6.8,,-0.10000000000000053,-0.17778975055466809,0.5517241379310345
2018-05-31,,,,,,,,,,,,,,,,,,,,,,,,,,,,,,,,,,,,,,,,,,,,,,0.46,,,,0.6631578947368421,2.1,,,,0.4,51.9,0.5,0.6999999999999957,1.2955779024707477,0.7045454545454546,1.8,-0.30000000000000004,0.6000000000000001,0.10017905117297313,0.39662447257383965,3.4,0.2999999999999998,-3.0000000000000004,0.5011175518203121,0.6861111111111111,8.3,0.10000000000000142,-2.1999999999999993,-1.4600362658672248,0.0819935691318328,7.0,1.0,0.5,1.4069611580395978,0.2898009950248756,,,,,
2018-06-30,,,,,,,,,,,,,,,,,,,,,,,,,,,,,,,,,,,,,,,,,,,,,,0.43,-0.030000000000000027,,,0.6263157894736842,2.03,-0.07000000000000028,,,0.34210526315789475,51.5,-0.3999999999999986,-0.20000000000000284,0.8022611459210194,0.6487603305785123,1.8,0.0,0.30000000000000004,0.06410256410259893,0.39662447257383965,4.1,0.6999999999999997,-1.4000000000000004,0.5981092206079548,0.7319444444444444,8.3,0.0,-1.299999999999999,-1.3795417325076793,0.0819935691318328,6.8,-0.20000000000000018,0.2999999999999998,0.9541733590396068,0.26990049751243783,,,,,
2018-07-31,,,,,,,,,,,,,,,,,,,,,,,,,,,,,,,,,,,,,,,,,,,,,,0.33,-0.09999999999999998,,,0.5631578947368421,2.06,0.03000000000000025,,,0.3684210526315789,51.2,-0.29999999999999716,-0.19999999999999574,0.43685883409834636,0.5867768595041323,1.9,0.09999999999999987,0.3999999999999999,0.2654418772430685,0.4240506329113924,4.7,0.6000000000000005,-0.7999999999999998,0.6741101315260691,0.7694444444444445,8.0,-0.3000000000000007,-1.4000000000000004,-1.439197967542009,0.03858520900321544,6.0,-0.7999999999999998,-1.5999999999999996,-0.5779561519923,0.1890547263681592,6.7,,-0.20000000000000018,-1.1560040577461774,0.47413793103448276
2018-08-31,,,,,,,,,,,,,,,,,,,,,,,,,,,,,,,,,,,,,,,,,,,,,,0.29,-0.040000000000000036,,,0.5368421052631579,2.0,-0.06000000000000005,,,0.3157894736842105,51.3,0.09999999999999432,-0.4000000000000057,0.512954411003639,0.609504132231405,2.1,0.20000000000000018,0.7000000000000002,0.6961432213387648,0.4620253164556962,4.6,-0.10000000000000053,-0.9000000000000004,0.611585082024593,0.7638888888888888,8.5,0.5,-0.6999999999999993,-1.1177560251059768,0.11093247588424437,6.0,0.0,-0.40000000000000036,-0.5779561519923,0.1890547263681592,,,,,
2018-09-30,,,,,,,,,,,,,,,,,,,,,,,,,,,,,,,,,,,,,,,,,,,,,,0.24,-0.04999999999999999,,,0.47368421052631576,1.98,-0.020000000000000018,,,0.3,50.8,-0.5,-1.6000000000000014,-0.0903760670754328,0.4896694214876033,2.3,0.19999999999999973,0.4999999999999998,1.1231155676477056,0.49156118143459915,4.1,-0.5,-2.2,0.46674767586674976,0.7319444444444444,8.2,-0.3000000000000007,-0.7000000000000011,-1.2065878602284668,0.06270096463022508,6.1,0.09999999999999964,0.09999999999999964,-0.3792837247449494,0.208955223880597,,,,,
2018-10-31,,,,,,,,,,,,,,,,,,,,,,,,,,,,,,,,,,,,,,,,,,,,,,0.24,0.0,,,0.47368421052631576,2.03,0.04999999999999982,,,0.34210526315789475,50.2,-0.5999999999999943,-1.3999999999999986,-0.811612882204305,0.3512396694214876,2.5,0.20000000000000018,0.8999999999999999,1.4780964240210404,0.5284810126582279,3.6,-0.49999999999999956,-3.3000000000000003,0.3167609787298116,0.7069444444444445,8.3,0.10000000000000142,-0.8999999999999986,-1.0936575538255642,0.0819935691318328,5.8,-0.2999999999999998,-0.7999999999999998,-0.9879536356873336,0.16417910447761194,6.5,,-0.2999999999999998,-2.3839742727915834,0.4224137931034483
2018-11-30,,,,,,,,,,,,,,,,,,,,,,,,,,,,,,,,,,,,,,,,,,,,,,0.28,0.040000000000000036,,,0.5263157894736842,1.9,-0.1299999999999999,,,0.2736842105263158,50.0,-0.20000000000000284,-1.7999999999999972,-1.0621753676850874,0.25826446280991733,2.5,0.0,0.6000000000000001,1.3925060326452408,0.5284810126582279,3.3,-0.30000000000000027,-3.6000000000000005,0.2032034462249803,0.6777777777777778,8.0,-0.3000000000000007,-0.8000000000000007,-1.194631501199791,0.03858520900321544,5.9,0.10000000000000053,-0.2999999999999998,-0.8232345476152447,0.17288557213930347,,,,,
2018-12-31,,,,,,,,,,,,,,,,,,,,,,,,,,,,,,,,,,,,,,,,,,,,,,0.21,-0.07000000000000003,,,0.4421052631578947,1.77,-0.1299999999999999,,,0.23157894736842105,49.4,-0.6000000000000014,-2.200000000000003,-1.74859217876058,0.1384297520661157,2.2,-0.2999999999999998,0.5000000000000002,0.691913147005477,0.4778481012658228,2.7,-0.5999999999999996,-3.0999999999999996,0.008234523698597904,0.6263888888888889,8.0,0.0,-1.0999999999999996,-1.1479929123015067,0.03858520900321544,5.4,-0.5,-0.6999999999999993,-1.7096151192754747,0.13059701492537312,,,,,
2019-01-31,,,,,,,,,,,,,,,,,,,,,,,,,,,,,,,,,,,,,,,,,,,,,,0.21,0.0,,,0.4421052631578947,1.51,-0.26,,,0.12631578947368421,49.5,0.10000000000000142,-1.7999999999999972,-1.6084028684174698,0.16942148760330578,1.9,-0.30000000000000027,0.09999999999999987,0.012318431413661958,0.4240506329113924,0.9,-1.8000000000000003,-4.0,-0.5163756800635572,0.5319444444444444,8.1,0.09999999999999964,-0.09999999999999964,-1.0458693853013568,0.05144694533762058,5.7,0.2999999999999998,-0.5,-1.1018663937875002,0.15547263681592038,6.4,,-0.39999999999999947,-2.1888894703482484,0.3879310344827586
2019-02-28,,,,,,,,,,,,,,,,,,,,,,,,,,,,,,,,,,,,,,,,,,,,,,0.18,-0.03,-0.39999999999999997,-1.0684937530145018,0.39473684210526316,1.7,0.18999999999999995,-0.28,-1.2736261253353032,0.22105263157894736,49.2,-0.29999999999999716,-1.0999999999999943,-1.9273629456864623,0.09710743801652892,1.7,-0.19999999999999996,0.19999999999999996,-0.4241344314415701,0.3755274261603376,0.1,-0.8,-4.2,-0.8174002022527723,0.4861111111111111,8.4,0.3000000000000007,-0.1999999999999993,-0.8461727544660415,0.09967845659163987,,,,,,,,,,
2019-03-31,,,,,,,,,,,,,,,,,,,,,,,,,,,,,,,,,,,,,,,,,,,,,,0.21,0.03,-0.41000000000000003,-0.8108055723052209,0.4421052631578947,1.84,0.14000000000000012,-0.19999999999999996,-0.45944392243074084,0.25263157894736843,50.5,1.2999999999999972,-1.0,-0.5165644849917949,0.44421487603305787,1.5,-0.19999999999999996,-1.4,-0.8193195653076166,0.33016877637130804,0.1,0.0,-3.6,-0.9149817854918181,0.4861111111111111,8.0,-0.40000000000000036,-0.8000000000000007,-1.0661048630990948,0.03858520900321544,5.3,,-1.9000000000000004,-1.8460273371984526,0.1181592039800995,,,,,
2019-04-30,,,,,,,,,,,,,,,,,,,,,,,,,,,,,,,,,,,,,,,,,,,,,,0.14,-0.06999999999999998,,-1.1709425667044946,0.3473684210526316,1.78,-0.06000000000000005,,-0.7644113946389923,0.24210526315789474,50.1,-0.3999999999999986,-1.2999999999999972,-1.0024304419893124,0.2975206611570248,2.3,0.7999999999999998,0.19999999999999973,0.9548461099449662,0.49156118143459915,0.4,0.30000000000000004,-2.7,-0.9238044058044101,0.5097222222222222,8.6,0.5999999999999996,0.40000000000000036,-0.6544774353502376,0.12057877813504823,8.5,3.2,2.5,3.362549260679405,0.3706467661691542,6.4,,-0.39999999999999947,-1.706389376983484,0.3879310344827586
2019-05-31,,,,,,,,,,,,,,,,,,,,,,,,,,,,,,,,,,,,,,,,,,,,,,0.24,0.09999999999999998,-0.22000000000000003,-0.48428664445245706,0.47368421052631576,1.85,0.07000000000000006,-0.25,-0.3358267333307961,0.2631578947368421,49.4,-0.7000000000000028,-2.5,-1.7768858027761487,0.1384297520661157,2.5,0.20000000000000018,0.7,1.3659541626575504,0.5284810126582279,0.9,0.5,-2.5,-0.8526420607610368,0.5319444444444444,8.5,-0.09999999999999964,0.1999999999999993,-0.6885986368271911,0.11093247588424437,5.4,-3.0999999999999996,-1.5999999999999996,-1.3570536955531909,0.13059701492537312,,,,,
2019-06-30,,,,,,,,,,,,,,,,,,,,,,,,,,,,,,,,,,,,,,,,,,,,,,0.19,-0.04999999999999999,-0.24,-0.7847030562609928,0.41578947368421054,1.58,-0.27,-0.44999999999999973,-1.7198912646417082,0.15789473684210525,49.4,0.0,-2.1000000000000014,-1.7001771627943707,0.1384297520661157,2.7,0.20000000000000018,0.9000000000000001,1.687167926126842,0.5548523206751055,0.6,-0.30000000000000004,-3.4999999999999996,-1.0426793749450154,0.5194444444444445,8.5,0.0,0.1999999999999993,-0.6467420957305451,0.11093247588424437,5.0,-0.40000000000000036,-1.7999999999999998,-1.8143987516949227,0.10323383084577115,,,,,
2019-07-31,,,,,,,,,,,,,,,,,,,,,,,,,,,,,,,,,,,,,,,,,,,,,,0.25,0.06,-0.08000000000000002,-0.3566881875032108,0.5,1.53,-0.050000000000000044,-0.53,-1.7398419998973897,0.1368421052631579,49.7,0.30000000000000426,-1.5,-1.3300828721905524,0.2066115702479339,2.7,0.0,0.8000000000000003,1.5793524338189369,0.5548523206751055,0.0,-0.6,-4.7,-1.3498757046889547,0.4708333333333333,8.5,0.0,0.5,-0.6057648635069145,0.11093247588424437,6.3,1.2999999999999998,0.2999999999999998,0.03456529846445276,0.23880597014925373,6.2,,-0.5,-2.014921157722973,0.3448275862068966
2019-08-31,,,,,,,,,,,,,,,,,,,,,,,,,,,,,,,,,,,,,,,,,,,,,,0.13,-0.12,-0.15999999999999998,-1.132480778428576,0.3368421052631579,1.56,0.030000000000000027,-0.43999999999999995,-1.4386321807329108,0.14736842105263157,49.5,-0.20000000000000284,-1.7999999999999972,-1.519001935500911,0.16942148760330578,2.8,0.09999999999999964,0.6999999999999997,1.6553972857856456,0.5738396624472574,-0.3,-0.3,-4.8999999999999995,-1.5188621654683234,0.45694444444444443,8.1,-0.40000000000000036,-0.40000000000000036,-0.8781980283051547,0.05144694533762058,4.8,-1.5,-1.2000000000000002,-1.9300094935323298,0.09203980099502487,,,,,
2019-09-30,,,,,,,,,,,,,,,,,,,,,,,,,,,,,,,,,,,,,,,,,,,,,,0.0,-0.13,-0.24,-1.7984405710245872,0.26842105263157895,1.35,-0.20999999999999996,-0.6299999999999999,-2.094166288314622,0.06842105263157895,49.8,0.29999999999999716,-1.0,-1.1465891027339172,0.22933884297520662,2.8,0.0,0.5,1.5537975097945909,0.5738396624472574,-0.8,-0.5,-4.8999999999999995,-1.7135880841181086,0.4152777777777778,8.2,0.09999999999999964,0.0,-0.7561397497483613,0.06270096463022508,4.4,-0.39999999999999947,-1.6999999999999993,-2.1959147548224047,0.07213930348258707,,,,,
2019-10-31,,,,,,,,,,,,,,,,,,,,,,,,,,,,,,,,,,,,,,,,,,,,,,0.05,0.05,-0.19,-1.360808752063212,0.3,1.35,0.0,-0.6799999999999997,-1.8418972491910939,0.06842105263157895,49.3,-0.5,-0.9000000000000057,-1.6047251500287252,0.11570247933884298,3.0,0.20000000000000018,0.5,1.7876677415718605,0.5959915611814346,-1.2,-0.3999999999999999,-4.8,-1.8135700322761106,0.37916666666666665,8.4,0.20000000000000107,0.09999999999999964,-0.5481509434654693,0.09967845659163987,5.8,1.3999999999999995,0.0,-0.45787018819996256,0.16417910447761194,6.0,,-0.5,-2.0310096011589507,0.31896551724137934
2019-11-30,,,,,,,,,,,,,,,,,,,,,,,,,,,,,,,,,,,,,,,,,,,,,,0.17,0.12000000000000001,-0.11000000000000001,-0.5789026316350308,0.3736842105263158,1.44,0.08999999999999986,-0.45999999999999996,-1.3652526748452845,0.09473684210526316,50.2,0.9000000000000057,0.20000000000000284,-0.617539616887277,0.3512396694214876,3.8,0.7999999999999998,1.2999999999999998,2.776642671460462,0.6487341772151899,-1.6,-0.40000000000000013,-4.9,-1.857669820354594,0.325,,,,,,,,,,,,,,,
2019-12-31,,,,,,,,,,,,,,,,,,,,,,,,,,,,,,,,,,,,,,,,,,,,,,0.17,0.0,-0.03999999999999998,-0.5617603125185198,0.3736842105263158,1.5,0.06000000000000005,-0.27,-1.0679782023766327,0.11052631578947368,50.2,0.0,0.8000000000000043,-0.5786646409467665,0.3512396694214876,4.5,0.7000000000000002,2.3,3.187786134624061,0.6877637130801688,-1.4,0.20000000000000018,-4.1,-1.6648098178039998,0.35138888888888886,,,,,,6.2,,0.7999999999999998,0.03023102866824437,0.2263681592039801,,,,,
2020-01-31,,,,,,,,,,,,,,,,,,,,,,,,,,,,,,,,,,,,,,,,,,,,,,0.34,0.17,0.13000000000000003,0.5403420454575584,0.5842105263157895,1.68,0.17999999999999994,0.16999999999999993,-0.34047350635862117,0.19473684210526315,50.0,-0.20000000000000284,0.5,-0.7500197943170851,0.25826446280991733,4.5,0.0,2.6,2.7363237233028874,0.6877637130801688,-0.5,0.8999999999999999,-1.4,-1.2709396797751273,0.44166666666666665,8.7,,0.5999999999999996,-0.1102197307101111,0.12861736334405144,6.9,0.7000000000000002,1.2000000000000002,0.8335072993311681,0.2810945273631841,6.0,,-0.40000000000000036,-1.5970988190093542,0.31896551724137934
2020-02-29,,,,,,,,,,,,,,,,,,,,,,,,,,,,,,,,,,,,,,,,,,,,,,0.18,-0.16000000000000003,0.0,-0.5149535988672289,0.39473684210526316,1.6,-0.07999999999999985,-0.09999999999999987,-0.6471040198972421,0.17894736842105263,35.7,-14.299999999999997,-13.5,-5.46565574708143,0.004132231404958678,5.4,0.9000000000000004,3.7,3.133502894095767,0.740506329113924,0.1,0.6,0.0,-1.0086204782937103,0.4861111111111111,8.4,-0.29999999999999893,0.0,-0.4083518265503621,0.09967845659163987,,,,,,,,,,
2020-03-31,,,,,,,,,,,,,,,,,,,,,,,,,,,,,,,,,,,,,,,,,,,,,,0.27,0.09000000000000002,0.060000000000000026,0.09432019731544823,0.5157894736842106,1.33,-0.27,-0.51,-1.6260370832054467,0.05263157894736842,52.0,16.299999999999997,1.5,0.6462798454515171,0.7210743801652892,5.2,-0.20000000000000018,3.7,2.6004487870300395,0.7236286919831224,-0.4,-0.5,-0.5,-1.1296637781926733,0.4486111111111111,8.8,0.40000000000000036,0.8000000000000007,0.24477317526129452,0.1382636655948553,-13.5,,-18.8,-5.3287271513080645,0.0024875621890547263,,,,,
2020-04-30,,,,,,,,,,,,,,,,,,,,,,,,,,,,,,,,,,,,,,,,,,,,,,0.47,0.19999999999999996,0.32999999999999996,1.393797017388078,0.6736842105263158,0.49,-0.8400000000000001,-1.29,-3.454557973402332,0.010526315789473684,50.8,-1.2000000000000028,0.6999999999999957,0.20109250730431635,0.4896694214876033,4.3,-0.9000000000000004,2.0,1.6569529690202511,0.6656118143459916,-1.5,-1.1,-1.9,-1.4508336908357031,0.33611111111111114,10.1,1.299999999999999,1.5,2.4728722669332805,0.18488745980707397,-1.1,12.4,-9.6,-1.710122593827481,0.007462686567164179,-6.8,,-13.2,-3.1649039978275466,0.017241379310344827
2020-05-31,,,,,,,,,,,,,,,,,,,,,,,,,,,,,,,,,,,,,,,,,,,,,,0.44,-0.02999999999999997,0.2,1.138184456905831,0.6473684210526316,0.72,0.22999999999999998,-1.1300000000000001,-2.4053570959380632,0.021052631578947368,50.6,-0.19999999999999574,1.2000000000000028,0.13253128269990075,0.4628099173553719,3.3,-1.0,0.7999999999999998,0.6981656053036253,0.6265822784810127,-3.1,-1.6,-4.0,-1.8845814398767282,0.16666666666666666,11.1,1.0,2.5999999999999996,3.7308921311914,0.2347266881028939,3.9,5.0,-1.5000000000000004,-0.35487333663936327,0.05721393034825871,,,,,
2020-06-30,,,,,,,,,,,,,,,,,,,,,,,,,,,,,,,,,,,,,,,,,,,,,,0.49,0.04999999999999999,0.3,1.3943845278844125,0.6842105263157895,0.83,0.10999999999999999,-0.7500000000000001,-1.930658421849626,0.031578947368421054,50.9,0.29999999999999716,1.5,0.2544582932258704,0.512396694214876,2.4,-0.8999999999999999,-0.30000000000000027,-0.16192662784553094,0.5084388185654009,-3.7,-0.6000000000000001,-4.3,-1.9301370859316729,0.125,11.1,0.0,2.5999999999999996,3.1492024950035105,0.2347266881028939,4.4,0.5000000000000004,-0.5999999999999996,-0.2043414203478324,0.07213930348258707,,,,,
2020-07-31,,,,,,,,,,,,,,,,,,,,,,,,,,,,,,,,,,,,,,,,,,,,,,0.5,0.010000000000000009,0.25,1.3841456045498803,0.6947368421052632,1.16,0.32999999999999996,-0.3700000000000001,-1.0868306138956039,0.042105263157894736,51.1,0.20000000000000284,1.3999999999999986,0.3334130377835905,0.5599173553719008,2.5,0.10000000000000009,-0.20000000000000018,-0.095445474621468,0.5284810126582279,-3.0,0.7000000000000002,-3.0,-1.5854908812664035,0.175,11.1,0.0,2.5999999999999996,2.7363481451972214,0.2347266881028939,4.8,0.39999999999999947,-1.5,-0.07475047297934607,0.09203980099502487,3.2,,-3.0,-0.48684042623941054,0.06896551724137931
2020-08-31,,,,,,,,,,,,,,,,,,,,,,,,,,,,,,,,,,,,,,,,,,,,,,0.44,-0.06,0.31,0.9626069441815045,0.6473684210526316,1.4,0.24,-0.16000000000000014,-0.4967586347351979,0.08421052631578947,51.0,-0.10000000000000142,1.5,0.3039991790001716,0.5351239669421488,2.7,0.20000000000000018,-0.09999999999999964,0.06218604702177597,0.5548523206751055,-2.4,0.6000000000000001,-2.1,-1.3093624080034745,0.25277777777777777,10.7,-0.40000000000000036,2.5999999999999996,2.075582596632382,0.2170418006430868,4.8,0.0,0.0,-0.06143757824197323,0.09203980099502487,,,,,
2020-09-30,,,,,,,,,,,,,,,,,,,,,,,,,,,,,,,,,,,,,,,,,,,,,,0.58,0.13999999999999996,0.58,1.7427369222744507,0.7842105263157895,1.69,0.29000000000000004,0.33999999999999986,0.209392749284664,0.21052631578947367,51.5,0.5,1.7000000000000028,0.5061136249850742,0.6487603305785123,2.4,-0.30000000000000027,-0.3999999999999999,-0.24824533256281864,0.5084388185654009,-2.0,0.3999999999999999,-1.2,-1.121374019558496,0.29583333333333334,10.4,-0.29999999999999893,2.200000000000001,1.6307352995966486,0.19935691318327975,5.6,0.7999999999999998,1.1999999999999993,0.15749592903102141,0.14427860696517414,,,,,
2020-10-31,,,,,,,,,,,,,,,,,,,,,,,,,,,,,,,,,,,,,,,,,,,,,,0.56,-0.019999999999999907,0.51,1.5298352915723836,0.7526315789473684,1.5,-0.18999999999999995,0.1499999999999999,-0.2588462644180288,0.11052631578947368,51.4,-0.10000000000000142,2.1000000000000014,0.47063410311533915,0.6301652892561983,1.7,-0.7,-1.3,-0.9410294354947649,0.3755274261603376,-2.1,-0.10000000000000009,-0.9000000000000001,-1.1109661044906358,0.2833333333333333,,,,,,6.9,1.3000000000000007,1.1000000000000005,0.5047212352520885,0.2810945273631841,4.9,,-1.0999999999999996,-0.006526513228113733,0.1896551724137931
2020-11-30,,,,,,,,,,,,,,,,,,,,,,,,,,,,,,,,,,,,,,,,,,,,,,0.74,0.17999999999999994,0.57,2.3473286176802404,0.868421052631579,1.59,0.09000000000000008,0.15000000000000013,-0.031099360724162868,0.16842105263157894,52.1,0.7000000000000028,1.8999999999999986,0.7329450014735728,0.737603305785124,0.5,-1.2,-3.3,-1.9772435238701176,0.1930379746835443,-2.1,0.0,-0.5,-1.0741507234581968,0.2833333333333333,,,,,,,,,,,,,,,
2020-12-31,,,,,,,,,,,,,,,,,,,,,,,,,,,,,,,,,,,,,,,,,,,,,,0.68,-0.05999999999999994,0.51,1.870116774751587,0.8421052631578947,1.68,0.08999999999999986,0.17999999999999994,0.19682433699826624,0.19473684210526315,51.9,-0.20000000000000284,1.6999999999999957,0.6523498473127748,0.7045454545454546,-0.5,-1.0,-5.0,-2.586406968339362,0.08860759493670886,-1.5,0.6000000000000001,-0.10000000000000009,-0.81200775953824,0.33611111111111114,,,,,,7.0,,0.7999999999999998,0.5245094682401388,0.2898009950248756,,,,,
2021-01-31,,,,,,,,,,,,,,,,,,,,,,,,,,,,,,,,,,,,,,,,,,,,,,0.8,0.12,0.46,2.277852024215357,0.8947368421052632,1.95,0.27,0.27,0.8769227700637144,0.28421052631578947,51.3,-0.6000000000000014,1.2999999999999972,0.42434407543646485,0.609504132231405,0.2,0.7,-4.3,-1.8648468461481968,0.15928270042194093,-0.4,1.1,0.09999999999999998,-0.34581407959998767,0.4486111111111111,,,,,,7.3,0.2999999999999998,0.39999999999999947,0.5918465474219718,0.3072139303482587,6.5,,0.5,0.4190523702352135,0.4224137931034483
2021-02-28,,,,,,,,,,,,,,,,,,,,,,,,,,,,,,,,,,,,,,,,,,,,,,1.0,0.19999999999999996,0.8200000000000001,2.8555655700554223,0.9157894736842105,2.21,0.26,0.6099999999999999,1.5060755435756057,0.4842105263157895,50.6,-0.6999999999999957,14.899999999999999,0.15512020182925876,0.4628099173553719,-0.3,-0.5,-5.7,-2.099310952255586,0.10126582278481013,0.3,0.7,0.19999999999999998,-0.021899157705195155,0.5013888888888889,9.4,,1.0,0.5319567693925056,0.16720257234726688,,,,,,,,,,
2021-03-31,,,,,,,,,,,,,,,,,,,,,,,,,,,,,,,,,,,,,,,,,,,,,,1.3,0.30000000000000004,1.03,3.3860150536561022,0.9789473684210527,2.39,0.18000000000000016,1.06,1.8680358879830357,0.6473684210526316,51.9,1.2999999999999972,-0.10000000000000142,0.6431591978545407,0.7045454545454546,-0.2,0.09999999999999998,-5.4,-1.8587957188855344,0.11286919831223628,1.7,1.4,2.1,0.5961527194810999,0.5680555555555555,,,,,,35.1,,48.6,4.417542332215416,1.0,,,,,
2021-04-30,,,,,,,,,,,,,,,,,,,,,,,,,,,,,,,,,,,,,,,,,,,,,,1.58,0.28,1.11,3.489072774433203,1.0,2.54,0.1499999999999999,2.05,2.063999849749948,0.8157894736842105,51.1,-0.7999999999999972,0.30000000000000426,0.3436035439684224,0.5599173553719008,0.4,0.6000000000000001,-3.9,-1.3543485408711342,0.18248945147679324,4.4,2.7,5.9,1.6897571755911094,0.7527777777777778,9.4,,-0.6999999999999993,0.4825635690113071,0.16720257234726688,14.1,-21.0,15.2,1.166948716698071,0.7176616915422885,18.3,,25.1,2.2879161519938123,1.0
2021-05-31,,,,,,,,,,,,,,,,,,,,,,,,,,,,,,,,,,,,,,,,,,,,,,1.49,-0.09000000000000008,1.05,2.7622191813883386,0.9894736842105263,2.57,0.029999999999999805,1.8499999999999999,2.0070727838354947,0.8421052631578947,51.0,-0.10000000000000142,0.3999999999999986,0.31663556205833326,0.5351239669421488,0.9,0.5,-2.4,-0.9736568429856794,0.23523206751054854,6.8,2.3999999999999995,9.9,2.46016698274595,0.8777777777777778,8.1,-1.3000000000000007,-3.0,-0.7619227438001313,0.05144694533762058,9.8,-4.299999999999999,5.9,0.5151216854069034,0.4626865671641791,,,,,
2021-06-30,,,,,,,,,,,,,,,,,,,,,,,,,,,,,,,,,,,,,,,,,,,,,,,,,,,,,,,,50.9,-0.10000000000000142,0.0,0.2856063353338285,0.512396694214876,1.3,0.4,-1.0999999999999999,-0.6828835298629304,0.2879746835443038,9.0,2.2,12.7,2.910026966798413,0.9597222222222223,8.3,0.20000000000000107,-2.799999999999999,-0.5697857040592261,0.0819935691318328,8.8,-1.0,4.4,0.3575474320105236,0.3843283582089552,,,,,
2021-07-31,,,,,,,,,,,,,,,,,,,,,,,,,,,,,,,,,,,,,,,,,,,,,,1.2,,0.7,1.8109731987502697,0.9578947368421052,2.47,,1.3100000000000003,1.7125358112288631,0.7631578947368421,50.4,-0.5,-0.7000000000000028,0.10321531513818105,0.4194214876033058,1.1,-0.19999999999999996,-1.4,-0.7989047373285555,0.2616033755274262,8.8,-0.1999999999999993,11.8,2.58926152008631,0.9513888888888888,,,,,,8.3,-0.5,3.500000000000001,0.27280310431056437,0.3619402985074627,7.9,,4.7,0.3552368127099891,0.8706896551724138
2021-08-31,,,,,,,,,,,,,,,,,,,,,,,,,,,,,,,,,,,,,,,,,,,,,,1.05,-0.1499999999999999,0.6100000000000001,1.352909774506693,0.9263157894736842,2.56,0.08999999999999986,1.1600000000000001,1.7913960681926866,0.8315789473684211,50.1,-0.29999999999999716,-0.8999999999999986,0.00106722708973919,0.2975206611570248,1.0,-0.10000000000000009,-1.7000000000000002,-0.837842407967489,0.25,9.0,0.1999999999999993,11.4,2.432474184491779,0.9597222222222223,8.3,,-2.3999999999999986,-0.5888948049723205,0.0819935691318328,6.4,-1.9000000000000004,1.6000000000000005,-0.00805205537574523,0.24502487562189054,,,,,
2021-09-30,,,,,,,,,,,,,,,,,,,,,,,,,,,,,,,,,,,,,,,,,,,,,,1.1,0.050000000000000044,0.5200000000000001,1.3798939193418178,0.9473684210526315,2.48,-0.08000000000000007,0.79,1.5475022139759071,0.7789473684210526,49.6,-0.5,-1.8999999999999986,-0.1783347603331956,0.19008264462809918,0.8,-0.19999999999999996,-1.5999999999999999,-0.9330190082937089,0.22151898734177214,9.5,0.5,11.5,2.3539980050454146,0.9694444444444444,,,,,,5.3,-1.1000000000000005,-0.2999999999999998,-0.16570694280167542,0.1181592039800995,,,,,
2021-10-31,,,,,,,,,,,,,,,,,,,,,,,,,,,,,,,,,,,,,,,,,,,,,,1.24,0.1399999999999999,0.6799999999999999,1.5867944132678928,0.968421052631579,2.51,0.029999999999999805,1.0099999999999998,1.532584657068175,0.7894736842105263,49.2,-0.3999999999999986,-2.1999999999999957,-0.32095572832644365,0.09710743801652892,0.7,-0.10000000000000009,-1.0,-0.9540463541787565,0.20991561181434598,10.7,1.1999999999999993,12.799999999999999,2.4133869689954977,0.9805555555555555,8.3,,,-0.6082469067840224,0.0819935691318328,3.1,-2.1999999999999997,-3.8000000000000003,-0.47404022050214456,0.03731343283582089,4.9,,0.0,-0.16907528570153205,0.1896551724137931
2021-11-30,,,,,,,,,,,,,,,,,,,,,,,,,,,,,,,,,,,,,,,,,,,,,,1.07,-0.16999999999999993,0.33000000000000007,1.133943194608588,0.9368421052631579,2.89,0.38000000000000034,1.3,2.066424503802187,0.9578947368421052,50.1,0.8999999999999986,-2.0,0.023458434763413437,0.2975206611570248,1.5,0.8,1.0,-0.4066432167211778,0.33016877637130804,13.5,2.8000000000000007,15.6,2.7115523169827145,0.9986111111111111,,,,,,,,,,,,,,,
2021-12-31,,,,,,,,,,,,,,,,,,,,,,,,,,,,,,,,,,,,,,,,,,,,,,0.91,-0.16000000000000003,0.22999999999999998,0.733055240765875,0.9052631578947369,2.8,-0.0900000000000003,1.1199999999999999,1.7621788221023902,0.9263157894736842,50.3,0.19999999999999574,-1.6000000000000014,0.09070410211790629,0.3884297520661157,2.3,0.7999999999999998,2.8,0.11904269044095377,0.49156118143459915,12.9,-0.5999999999999996,14.4,2.310353009144511,0.9902777777777778,,,,,,3.8,,-3.2,-0.35920628931280985,0.05099502487562189,,,,,
2022-01-31,,,,,,,,,,,,,,,,,,,,,,,,,,,,,,,,,,,,,,,,,,,,,,0.79,-0.12,-0.010000000000000009,0.43115814965432,0.8842105263157894,2.87,0.07000000000000028,0.9200000000000002,1.7360815403442837,0.9473684210526315,,,,,,1.5,-0.7999999999999998,1.3,-0.40026013612884154,0.33016877637130804,10.3,-2.5999999999999996,10.700000000000001,1.6499017705729446,0.9777777777777777,9.0,,,-0.0534125216966525,0.14790996784565916,4.3,0.5,-3.0,-0.28040789941227157,0.06716417910447761,4.0,,-2.5,-0.2958939329339413,0.08620689655172414
2022-02-28,,,,,,,,,,,,,,,,,,,,,,,,,,,,,,,,,,,,,,,,,,,,,,0.61,-0.18000000000000005,-0.39,-0.001957070439932622,0.8105263157894737,2.82,-0.050000000000000266,0.6099999999999999,1.5435622423659738,0.9368421052631579,,,,,,0.9,-0.6,1.2,-0.7743313568214933,0.23523206751054854,9.1,-1.200000000000001,8.799999999999999,1.3293780440300464,0.9652777777777778,,,,,,,,,,,,,,,
2022-03-31,,,,,,,,,,,,,,,,,,,,,,,,,,,,,,,,,,,,,,,,,,,,,,0.39,-0.21999999999999997,-0.91,-0.5205367624759678,0.6105263157894737,3.11,0.29000000000000004,0.7199999999999998,1.841895253884355,0.9789473684210527,49.5,,-2.3999999999999986,-0.21546399608381242,0.16942148760330578,0.9,0.0,1.1,-0.7586013067844077,0.23523206751054854,8.8,-0.29999999999999893,7.1000000000000005,1.20137035326352,0.9513888888888888,9.2,,,0.06431421830649363,0.15755627009646303,7.5,,-27.6,0.16764364565495973,0.31343283582089554,,,,,
2022-04-30,,,,,,,,,,,,,,,,,,,,,,,,,,,,,,,,,,,,,,,,,,,,,,0.04,-0.35000000000000003,-1.54,-1.3094230742389306,0.28421052631578947,3.34,0.22999999999999998,0.7999999999999998,1.9891135187971107,1.0,47.4,-2.1000000000000014,-3.700000000000003,-0.9567181690273993,0.028925619834710745,1.5,0.6,1.1,-0.3544356099748061,0.33016877637130804,8.3,-0.5,3.9000000000000004,1.04988294821905,0.9388888888888889,,,,,,5.0,-2.5,-9.1,-0.1740590922782884,0.10323383084577115,4.8,,-13.5,-0.1259699129101568,0.15517241379310345
2022-05-31,,,,,,,,,,,,,,,,,,,,,,,,,,,,,,,,,,,,,,,,,,,,,,0.19,0.15,-1.3,-0.9605380816178629,0.41578947368421054,3.3,-0.040000000000000036,0.73,1.7825598389875652,0.9894736842105263,49.6,2.200000000000003,-1.3999999999999986,-0.14849866728997627,0.19008264462809918,2.1,0.6000000000000001,1.2000000000000002,0.041432155591675415,0.4620253164556962,8.0,-0.3000000000000007,1.2000000000000002,0.9457856529390847,0.9263888888888889,10.5,,2.4000000000000004,1.1644511312107104,0.20418006430868169,-2.9,-7.9,-12.700000000000001,-1.2331071047046085,0.004975124378109453,,,,,
2022-06-30,,,,,,,,,,,,,,,,,,,,,,,,,,,,,,,,,,,,,,,,,,,,,,0.32,0.13,,-0.6777350461411321,0.5473684210526316,2.96,-0.33999999999999986,,1.2502370611990117,0.968421052631579,50.2,0.6000000000000014,-0.6999999999999957,0.0639972389363387,0.3512396694214876,2.1,0.0,0.8,0.052381301030288145,0.4620253164556962,6.4,-1.5999999999999996,-2.5999999999999996,0.6183804169322522,0.8527777777777777,11.1,0.5999999999999996,2.799999999999999,1.5394873990135838,0.2347266881028939,0.7,3.5999999999999996,-8.100000000000001,-0.704638403091391,0.009950248756218905,,,,,
2022-07-31,,,,,,,,,,,,,,,,,,,,,,,,,,,,,,,,,,,,,,,,,,,,,,0.06,-0.26,-1.14,-1.245091653498634,0.3157894736842105,2.58,-0.3799999999999999,0.10999999999999988,0.7122431663459332,0.868421052631579,49.0,-1.2000000000000028,-1.3999999999999986,-0.37025610244084745,0.06198347107438017,2.5,0.3999999999999999,1.4,0.3165405111907634,0.5284810126582279,6.1,-0.3000000000000007,-2.700000000000001,0.5321179870892279,0.8388888888888889,11.4,0.3000000000000007,,1.6076747547086319,0.2572347266881029,3.9,3.2,-4.4,-0.2506068224579495,0.05721393034825871,0.4,,-7.5,-0.8120556814552848,0.034482758620689655
2022-08-31,,,,,,,,,,,,,,,,,,,,,,,,,,,,,,,,,,,,,,,,,,,,,,-0.22,-0.28,-1.27,-1.7957611449026663,0.23157894736842105,2.73,0.1499999999999999,0.16999999999999993,0.8598407168372074,0.9157894736842105,49.4,0.3999999999999986,-0.7000000000000028,-0.2218866352284395,0.1384297520661157,2.7,0.20000000000000018,1.7000000000000002,0.4489844593396829,0.5548523206751055,4.2,-1.8999999999999995,-4.8,0.15969319502432117,0.7361111111111112,12.0,0.5999999999999996,3.6999999999999993,1.8598908854268852,0.29260450160771706,3.8,-0.10000000000000009,-2.6000000000000005,-0.2595816375961902,0.05099502487562189,,,,,
2022-09-30,,,,,,,,,,,,,,,,,,,,,,,,,,,,,,,,,,,,,,,,,,,,,,-0.3,-0.07999999999999999,-1.4000000000000001,-1.8933534249916861,0.21052631578947367,2.58,-0.1499999999999999,0.10000000000000009,0.6238863844127933,0.868421052631579,50.1,0.7000000000000028,0.5,0.03247350799540551,0.2975206611570248,2.5,-0.20000000000000018,1.7,0.32482682110002165,0.5284810126582279,2.3,-1.9000000000000004,-7.2,-0.21032446778242356,0.5902777777777778,12.2,0.1999999999999993,,1.7888419446643893,0.30385852090032156,4.2,0.40000000000000036,-1.0999999999999996,-0.2033941874343167,0.06343283582089553,,,,,
2022-10-31,,,,,,,,,,,,,,,,,,,,,,,,,,,,,,,,,,,,,,,,,,,,,,-0.39,-0.09000000000000002,-1.63,-1.9726789819298167,0.14210526315789473,2.14,-0.43999999999999995,-0.36999999999999966,0.018603526687478857,0.43157894736842106,49.2,-0.8999999999999986,0.0,-0.29758097394690725,0.09710743801652892,2.8,0.2999999999999998,2.0999999999999996,0.5255959479238845,0.5738396624472574,0.9,-1.4,-9.799999999999999,-0.4866596790738395,0.5319444444444444,12.1,-0.09999999999999964,3.799999999999999,1.5424742127567315,0.297427652733119,,,,,,,,,,
2022-11-30,,,,,,,,,,,,,,,,,,,,,,,,,,,,,,,,,,,,,,,,,,,,,,-0.41,-0.019999999999999962,-1.48,-1.88953002282732,0.12631578947368421,2.67,0.5299999999999998,-0.2200000000000002,0.6800397809784011,0.9052631578947369,48.0,-1.2000000000000028,-2.1000000000000014,-0.7096852222304304,0.03305785123966942,2.1,-0.6999999999999997,0.6000000000000001,0.10026773809630864,0.4620253164556962,-1.3,-2.2,-14.8,-0.904034029653903,0.36944444444444446,11.8,-0.29999999999999893,,1.2500288331084375,0.2829581993569132,5.0,,,-0.08926036163825876,0.10323383084577115,,,,,
2022-12-31,,,,,,,,,,,,,,,,,,,,,,,,,,,,,,,,,,,,,,,,,,,,,,-0.7,-0.29,-1.6099999999999999,-2.235219314946169,0.06315789473684211,2.41,-0.2599999999999998,-0.3899999999999997,0.3009973704217248,0.7157894736842105,47.0,-1.0,-3.299999999999997,-1.0233601585867633,0.024793388429752067,1.6,-0.5,-0.6999999999999997,-0.18823225666024865,0.35864978902953587,-1.3,0.0,-14.200000000000001,-0.9050039742674643,0.36944444444444446,12.4,0.5999999999999996,,1.5596627020075091,0.3135048231511254,2.2,-2.8,-1.5999999999999996,-0.45569469914944166,0.024875621890547265,,,,,
2023-01-31,,,,,,,,,,,,,,,,,,,,,,,,,,,,,,,,,,,,,,,,,,,,,,-0.53,0.16999999999999993,-1.32,-1.7927261177466052,0.10526315789473684,2.33,-0.08000000000000007,-0.54,0.1689959187774188,0.5947368421052631,50.1,3.1000000000000014,,0.08870545536047647,0.2975206611570248,1.8,0.19999999999999996,0.30000000000000004,0.004089300192952957,0.39662447257383965,-0.7,0.6000000000000001,-11.0,-0.7900408283265307,0.42777777777777776,11.8,-0.5999999999999996,2.8000000000000007,1.0543528744975383,0.2829581993569132,1.3,-0.9000000000000001,-3.0,-0.5511510127260715,0.014925373134328358,2.9,,-1.1,,0.05172413793103448
2023-02-28,,,,,,,,,,,,,,,,,,,,,,,,,,,,,,,,,,,,,,,,,,,,,,-0.69,-0.15999999999999992,-1.2999999999999998,-1.9184641941204528,0.07368421052631578,2.27,-0.06000000000000005,-0.5499999999999998,0.06201902541597057,0.5421052631578948,,,,,,2.1,0.30000000000000004,1.2000000000000002,0.3278154542908849,0.4620253164556962,-0.8,-0.10000000000000009,-9.9,-0.8013861812628712,0.4152777777777778,12.6,0.7999999999999989,,1.4759357294269952,0.32315112540192925,,,,,,,,,,
2023-03-31,,,,,,,,,,,,,,,,,,,,,,,,,,,,,,,,,,,,,,,,,,,,,,-0.89,-0.20000000000000007,-1.28,-2.050082847429677,0.031578947368421054,2.58,0.31000000000000005,-0.5299999999999998,0.44787631912210074,0.868421052631579,51.9,,2.3999999999999986,1.3064742280984127,0.7045454545454546,1.0,-1.1,0.09999999999999998,-0.5540841057794491,0.25,-1.4,-0.5999999999999999,-10.200000000000001,-0.9049693789047426,0.35138888888888886,12.9,0.3000000000000007,3.700000000000001,1.5303520486163626,0.34887459807073956,2.4,,-5.1,-0.5387963056458018,0.029850746268656716,,,,,
2023-04-30,,,,,,,,,,,,,,,,,,,,,,,,,,,,,,,,,,,,,,,,,,,,,,-0.58,0.31000000000000005,-0.62,-1.4800308408959642,0.09473684210526316,2.4,-0.18000000000000016,-0.94,0.1318880967956999,0.6842105263157895,49.2,-2.6999999999999957,1.8000000000000043,-0.823504097002273,0.09710743801652892,0.7,-0.30000000000000004,-0.8,-0.8192842327910943,0.20991561181434598,-2.5,-1.1,-10.8,-1.0996622772420925,0.24027777777777778,12.7,-0.20000000000000107,,1.2820739858037402,0.3295819935691318,3.9,1.5,-1.1,-0.33744719361766856,0.05721393034825871,4.5,,-0.2999999999999998,,0.10344827586206896
2023-05-31,,,,,,,,,,,,,,,,,,,,,,,,,,,,,,,,,,,,,,,,,,,,,,-0.6,-0.020000000000000018,-0.79,-1.420266844979,0.08421052631578947,2.2,-0.19999999999999973,-1.0999999999999996,-0.27091425514044776,0.47368421052631576,48.8,-0.4000000000000057,-0.8000000000000043,-1.0802659504030552,0.045454545454545456,0.1,-0.6,-2.0,-1.3880421545540935,0.14767932489451477,-3.6,-1.1,-11.6,-1.2974821367290743,0.1361111111111111,,,,,,5.6,1.6999999999999997,8.5,-0.07643063510533754,0.14427860696517414,,,,,
2023-06-30,,,,,,,,,,,,,,,,,,,,,,,,,,,,,,,,,,,,,,,,,,,,,,-0.76,-0.16000000000000003,-1.08,-1.5397205494622273,0.04736842105263158,2.07,-0.13000000000000034,-0.8900000000000001,-0.6211117609342576,0.38421052631578945,49.0,0.20000000000000284,-1.2000000000000028,-0.8717500423084168,0.06198347107438017,0.2,0.1,-1.9000000000000001,-1.2098606982739732,0.15928270042194093,-4.6,-0.9999999999999996,-11.0,-1.468591147703238,0.08333333333333333,11.6,,0.5,0.553824933780017,0.27009646302250806,3.5,-2.0999999999999996,2.8,-0.40536370030048985,0.04477611940298507,,,,,
2023-07-31,,,,,,,,,,,,,,,,,,,,,,,,,,,,,,,,,,,,,,,,,,,,,,-1.06,-0.30000000000000004,-1.12,-1.7973033569407708,0.010526315789473684,2.18,0.11000000000000032,-0.3999999999999999,-0.5091051580977947,0.4631578947368421,49.3,0.29999999999999716,0.29999999999999716,-0.5975744184019507,0.11570247933884298,0.0,-0.2,-2.5,-1.3433109963889824,0.1350210970464135,-5.4,-0.8000000000000007,-11.5,-1.57630514127936,0.04861111111111111,11.3,-0.29999999999999893,-0.09999999999999964,0.35900453928336407,0.24758842443729903,4.4,0.9000000000000004,0.5000000000000004,-0.2600438200228722,0.07213930348258707,6.3,,5.8999999999999995,,0.3620689655172414
2023-08-31,,,,,,,,,,,,,,,,,,,,,,,,,,,,,,,,,,,,,,,,,,,,,,-0.91,0.15000000000000002,-0.6900000000000001,-1.4977604640606699,0.021052631578947368,2.27,0.08999999999999986,-0.45999999999999996,-0.40022032588637635,0.5421052631578948,49.7,0.4000000000000057,0.30000000000000426,-0.2556862529241719,0.2066115702479339,-0.3,-0.3,-3.0,-1.5693103455775785,0.10126582278481013,-4.4,1.0,-8.600000000000001,-1.3681019613045233,0.09722222222222222,10.7,-0.6000000000000014,-1.3000000000000007,-0.018343297627617175,0.2170418006430868,3.7,-0.7000000000000002,-0.09999999999999964,-0.36482113618913214,0.0472636815920398,,,,,
2023-09-30,,,,,,,,,,,,,,,,,,,,,,,,,,,,,,,,,,,,,,,,,,,,,,-0.76,0.15000000000000002,-0.46,-1.2333776941594894,0.04736842105263158,2.15,-0.1200000000000001,-0.43000000000000016,-0.7289756670894698,0.4473684210526316,50.2,0.5,0.10000000000000142,0.17340495693070246,0.3512396694214876,0.1,0.4,-2.4,-1.0864424159540598,0.14767932489451477,-3.0,1.4000000000000004,-5.3,-1.106881822389629,0.175,10.6,-0.09999999999999964,-1.5999999999999996,-0.08654502865642907,0.21061093247588425,4.5,0.7999999999999998,0.2999999999999998,-0.23190473965325226,0.08084577114427861,,,,,
2023-10-31,,,,,,,,,,,,,,,,,,,,,,,,,,,,,,,,,,,,,,,,,,,,,,-0.44,0.32,-0.04999999999999999,-0.7966420443060375,0.11578947368421053,2.22,0.07000000000000028,0.08000000000000007,-0.6618653673358684,0.49473684210526314,49.5,-0.7000000000000028,0.29999999999999716,-0.3511216724519069,0.16942148760330578,0.0,-0.1,-2.8,-1.127500447736939,0.1350210970464135,-2.5,0.5,-3.4,-1.013897107859079,0.24027777777777778,10.3,-0.29999999999999893,-1.799999999999999,-0.2696151102818478,0.1945337620578778,4.5,0.0,,-0.2191248833536924,0.08084577114427861,4.9,,,,0.1896551724137931
2023-11-30,,,,,,,,,,,,,,,,,,,,,,,,,,,,,,,,,,,,,,,,,,,,,,-0.19,0.25,0.21999999999999997,-0.45872569565632454,0.25263157894736843,2.4,0.17999999999999972,-0.27,-0.2862171517954351,0.6842105263157895,49.4,-0.10000000000000142,1.3999999999999986,-0.38552586506719194,0.1384297520661157,-0.2,-0.2,-2.3000000000000003,-1.2915583445308203,0.11286919831223628,-2.6,-0.10000000000000009,-1.3,-1.0266265777036596,0.2222222222222222,10.3,0.0,-1.5,-0.2642066729389683,0.1945337620578778,4.6,0.09999999999999964,-0.40000000000000036,-0.19995224109610485,0.08706467661691543,,,,,
2023-12-31,,,,,,,,,,,,,,,,,,,,,,,,,,,,,,,,,,,,,,,,,,,,,,-0.36,-0.16999999999999998,0.33999999999999997,-0.6312256400201803,0.16842105263157894,2.15,-0.25,-0.26000000000000023,-1.0833777480007152,0.4473684210526316,49.0,-0.3999999999999986,2.0,-0.6865753483773133,0.06198347107438017,-0.5,-0.3,-2.1,-1.6008450434428572,0.08860759493670886,-3.0,-0.3999999999999999,-1.7,-1.0822460494716484,0.175,10.0,-0.3000000000000007,-2.4000000000000004,-0.4503659144259689,0.18006430868167203,6.6,2.0,4.3999999999999995,0.12416759480437409,0.25497512437810943,,,,,
2024-01-31,,,,,,,,,,,,,,,,,,,,,,,,,,,,,,,,,,,,,,,,,,,,,,-0.35,0.010000000000000009,0.18000000000000005,-0.5811202636095938,0.18947368421052632,2.12,-0.029999999999999805,-0.20999999999999996,-1.2120820869423345,0.4105263157894737,49.2,0.20000000000000284,-0.8999999999999986,-0.4608589888634154,0.09710743801652892,-0.3,0.2,-2.1,-1.3579255104127435,0.10126582278481013,-2.7,0.2999999999999998,-2.0,-1.0087055063027683,0.20833333333333334,9.7,-0.3000000000000007,-2.1000000000000014,-0.6334991887369632,0.17684887459807075,6.8,0.20000000000000018,5.5,0.15906061827371937,0.26990049751243783,5.2,,2.3000000000000003,,0.23275862068965517
2024-02-29,,,,,,,,,,,,,,,,,,,,,,,,,,,,,,,,,,,,,,,,,,,,,,-0.28,0.06999999999999995,0.4099999999999999,-0.4561849679000041,0.22105263157894736,2.24,0.1200000000000001,-0.029999999999999805,-0.8548929918200298,0.5105263157894737,,,,,,-0.8,-0.5,-2.9000000000000004,-1.8093648514010332,0.06856540084388185,-2.5,0.20000000000000018,-1.7,-0.9507668742869998,0.24027777777777778,8.7,-1.0,-3.9000000000000004,-1.2654019640071943,0.12861736334405144,,,,,,,,,,
2024-03-31,,,,,,,,,,,,,,,,,,,,,,,,,,,,,,,,,,,,,,,,,,,,,,-0.39,-0.10999999999999999,0.5,-0.550999404226462,0.14210526315789473,2.4,0.1599999999999997,-0.18000000000000016,-0.37230874182524587,0.6842105263157895,50.8,,-1.1000000000000014,1.1473221497935548,0.4896694214876033,0.7,1.5,-0.30000000000000004,-0.3541216801829217,0.20991561181434598,-2.7,-0.20000000000000018,-1.3000000000000003,-0.9519747591905757,0.20833333333333334,8.7,0.0,-4.200000000000001,-1.2100260442930006,0.12861736334405144,7.0,,4.6,0.6932954612368036,0.2898009950248756,,,,,
2024-04-30,,,,,,,,,,,,,,,,,,,,,,,,,,,,,,,,,,,,,,,,,,,,,,,,,,,,,,,,50.4,-0.3999999999999986,1.1999999999999957,0.7959423575594645,0.4194214876033058,0.1,-0.6,-0.6,-0.9461717072804768,0.14767932489451477,-2.8,-0.09999999999999964,-0.2999999999999998,-0.9240368286443787,0.19583333333333333,8.3,-0.3999999999999986,-4.399999999999999,-1.4074384128797441,0.0819935691318328,4.5,-2.5,0.6000000000000001,-0.03884147758651043,0.08084577114427861,5.3,,0.7999999999999998,,0.25862068965517243
2024-05-31,,,,,,,,,,,,,,,,,,,,,,,,,,,,,,,,,,,,,,,,,,,,,,-0.35,,0.25,-0.41603928860109757,0.18947368421052632,2.43,,0.22999999999999998,-0.263499543322317,0.7368421052631579,49.5,-0.8999999999999986,0.7000000000000028,-0.06507524529550825,0.16942148760330578,0.3,0.19999999999999998,0.19999999999999998,-0.7230658035791875,0.1719409282700422,-2.5,0.2999999999999998,1.1,-0.8274939652041718,0.24027777777777778,7.2,-1.1000000000000005,,-2.0138516385349825,0.02572347266881029,6.7,2.2,1.1000000000000005,0.9444236844326404,0.2599502487562189,,,,,
2024-06-30,,,,,,,,,,,,,,,,,,,,,,,,,,,,,,,,,,,,,,,,,,,,,,-0.38,-0.030000000000000027,0.38,-0.45191973252775675,0.15789473684210525,2.34,-0.0900000000000003,0.27,-0.5217926702612486,0.6105263157894737,49.5,0.0,0.5,-0.020185075264255538,0.16942148760330578,0.3,0.0,0.09999999999999998,-0.6912274077063474,0.1719409282700422,-1.4,1.1,3.1999999999999997,-0.6020746742716252,0.35138888888888886,7.0,-0.20000000000000018,-4.6,-2.0125336603897668,0.01607717041800643,5.6,-1.1000000000000005,2.0999999999999996,0.5475605164715056,0.14427860696517414,,,,,
2024-07-31,,,,,,,,,,,,,,,,,,,,,,,,,,,,,,,,,,,,,,,,,,,,,,-0.35,0.030000000000000027,0.7100000000000001,-0.36156761682724803,0.18947368421052632,2.24,-0.09999999999999964,0.06000000000000005,-0.795369545141176,0.5105263157894737,49.4,-0.10000000000000142,0.10000000000000142,-0.0956265270305825,0.1384297520661157,0.2,-0.09999999999999998,0.2,-0.7591869407517025,0.15928270042194093,-0.8,0.5999999999999999,4.6000000000000005,-0.4620971951425514,0.4152777777777778,,,,,,5.3,-0.2999999999999998,0.8999999999999995,0.4802567153060847,0.1181592039800995,4.7,,-1.5999999999999996,,0.13793103448275862
2024-08-31,,,,,,,,,,,,,,,,,,,,,,,,,,,,,,,,,,,,,,,,,,,,,,-0.2,0.14999999999999997,0.71,-0.07640705679264002,0.24210526315789474,2.13,-0.11000000000000032,-0.14000000000000012,-1.0680828565754577,0.42105263157894735,49.1,-0.29999999999999716,-0.6000000000000014,-0.3912728558015831,0.08057851239669421,0.5,0.3,0.8,-0.4492631338184041,0.1930379746835443,-0.8,0.0,3.6000000000000005,-0.4235110405012883,0.4152777777777778,6.3,,-4.3999999999999995,-2.2193065376388117,0.00482315112540193,5.1,-0.20000000000000018,1.3999999999999995,0.4106455622936224,0.11194029850746269,,,,,
2024-09-30,,,,,,,,,,,,,,,,,,,,,,,,,,,,,,,,,,,,,,,,,,,,,,0.0,0.2,0.76,0.32427152766043893,0.26842105263157895,2.01,-0.1200000000000001,-0.14000000000000012,-1.3421719514975248,0.3263157894736842,49.8,0.6999999999999957,-0.4000000000000057,0.3699873349571153,0.22933884297520662,0.6,0.09999999999999998,0.5,-0.3453123074020533,0.20147679324894516,-1.8,-1.0,1.2,-0.5580680457800876,0.30972222222222223,6.3,0.0,-4.3,-2.01842912617131,0.00482315112540193,4.5,-0.5999999999999996,0.0,0.13220619678141213,0.08084577114427861,,,,,
2024-10-31,,,,,,,,,,,,,,,,,,,,,,,,,,,,,,,,,,,,,,,,,,,,,,0.15,0.15,0.59,0.7075639826727615,0.35789473684210527,2.07,0.06000000000000005,-0.15000000000000036,-1.1140117560923564,0.38421052631578945,50.1,0.30000000000000426,0.6000000000000014,0.6640265371166157,0.2975206611570248,0.4,-0.19999999999999996,0.4,-0.5311868799747167,0.18248945147679324,-2.8,-0.9999999999999998,-0.2999999999999998,-0.6964284964982101,0.19583333333333333,6.8,0.5,-3.500000000000001,-1.6765471558632845,0.00964630225080386,5.4,0.9000000000000004,0.9000000000000004,0.5352779095548448,0.13059701492537312,4.6,,-0.3000000000000007,,0.1206896551724138
2024-11-30,,,,,,,,,,,,,,,,,,,,,,,,,,,,,,,,,,,,,,,,,,,,,,0.12,-0.03,0.31,0.7716200304241803,0.3263157894736842,2.38,0.31000000000000005,-0.020000000000000018,-0.21117420014475294,0.6263157894736842,50.3,0.19999999999999574,0.8999999999999986,0.8704560902136423,0.3884297520661157,0.3,-0.10000000000000003,0.5,-0.5956903847928103,0.1719409282700422,-2.9,-0.10000000000000009,-0.2999999999999998,-0.6838875055218596,0.18472222222222223,,,,,,5.3,-0.10000000000000053,0.7000000000000002,0.4772409297466066,0.1181592039800995,,,,,
2024-12-31,,,,,,,,,,,,,,,,,,,,,,,,,,,,,,,,,,,,,,,,,,,,,,0.05,-0.06999999999999999,0.41,0.7401065953940382,0.3,2.33,-0.04999999999999982,0.18000000000000016,-0.31980464578935225,0.5947368421052631,50.1,-0.19999999999999574,1.1000000000000014,0.6640265371166157,0.2975206611570248,0.2,-0.09999999999999998,0.7,-0.6500926617300232,0.15928270042194093,-2.5,0.3999999999999999,0.5,-0.5693674381389279,0.24027777777777778,7.1,,-2.9000000000000004,-1.448515553867166,0.022508038585209004,5.4,0.10000000000000053,-1.1999999999999993,0.5004366086279265,0.13059701492537312,,,,,
2025-01-31,,,,,,,,,,,,,,,,,,,,,,,,,,,,,,,,,,,,,,,,,,,,,,0.33,0.28,0.6799999999999999,1.5190561011581525,0.5631578947368421,2.38,0.04999999999999982,0.2599999999999998,-0.13791863820338576,0.6263157894736842,49.1,-1.0,-0.10000000000000142,-0.41818051954320895,0.08057851239669421,,,,,,,,,,,7.3,0.20000000000000018,-2.3999999999999995,-1.2923121206818102,0.028938906752411574,6.2,0.7999999999999998,-0.5999999999999996,0.8548025330140517,0.2263681592039801,5.4,,0.20000000000000018,,0.28448275862068967
2025-02-28,,,,,,,,,,,,,,,,,,,,,,,,,,,,,,,,,,,,,,,,,,,,,,0.36,0.02999999999999997,0.64,1.6709416311084608,0.6,2.54,0.16000000000000014,0.2999999999999998,0.36648225935889445,0.8157894736842105,,,,,,0.5,,1.3,-0.31838565924950263,0.1930379746835443,-2.3,,0.20000000000000018,-0.4482285764542877,0.2611111111111111,7.0,-0.2999999999999998,-1.6999999999999993,-1.3678132324042955,0.01607717041800643,,,,,,,,,,
2025-03-31,,,,,,,,,,,,,,,,,,,,,,,,,,,,,,,,,,,,,,,,,,,,,,0.25,-0.10999999999999999,0.64,1.42155206319113,0.5,2.58,0.040000000000000036,0.18000000000000016,0.5691335458811575,0.868421052631579,50.5,,-0.29999999999999716,1.0734651532229036,0.44421487603305787,-0.7,-1.2,-1.4,-1.4121488632570205,0.07911392405063292,-2.2,0.09999999999999964,0.5,-0.3750648383382789,0.2722222222222222,7.0,0.0,-1.6999999999999993,-1.300166534351321,0.01607717041800643,5.9,,-1.0999999999999996,0.7544685723685487,0.17288557213930347,,,,,
2025-04-30,,,,,,,,,,,,,,,,,,,,,,,,,,,,,,,,,,,,,,,,,,,,,,0.34,0.09000000000000002,,1.5896774319080273,0.5842105263157895,2.61,0.029999999999999805,,0.851960684249799,0.8947368421052632,49.0,-1.5,-1.3999999999999986,-0.6576718182913456,0.06198347107438017,-0.1,0.6,-0.2,-0.7929965767246516,0.12236286919831224,-2.5,-0.2999999999999998,0.2999999999999998,-0.41924054635111446,0.24027777777777778,,,,,,7.7,1.7999999999999998,3.2,1.5502718491112872,0.332089552238806,5.4,,0.10000000000000053,,0.28448275862068967
2025-05-31,,,,,,,,,,,,,,,,,,,,,,,,,,,,,,,,,,,,,,,,,,,,,,0.57,0.22999999999999993,0.9199999999999999,2.052563473506741,0.7684210526315789,2.29,-0.31999999999999984,-0.14000000000000012,-0.2973911844611665,0.5631578947368421,49.5,0.5,0.0,-0.06433576527494428,0.16942148760330578,-0.1,0.0,-0.4,-0.7463428267746904,0.12236286919831224,-2.7,-0.20000000000000018,-0.20000000000000018,-0.4496455338641388,0.20833333333333334,8.0,,0.7999999999999998,-0.803356064242567,0.03858520900321544,6.1,-1.6000000000000005,-0.6000000000000005,0.8368515984338305,0.208955223880597,,,,,
2025-06-30,,,,,,,,,,,,,,,,,,,,,,,,,,,,,,,,,,,,,,,,,,,,,,0.52,-0.04999999999999993,0.9,1.8722906356302824,0.7210526315789474,2.39,0.10000000000000009,0.050000000000000266,0.28159017446852197,0.6473684210526316,49.7,0.20000000000000284,0.20000000000000284,0.1911148113300496,0.2066115702479339,-0.1,0.0,-0.4,-0.7009998622523099,0.12236286919831224,-3.3,-0.5999999999999996,-1.9,-0.6673212108049341,0.15694444444444444,,,,,,5.8,-0.2999999999999998,0.20000000000000018,0.6164685878462917,0.16417910447761194,,,,,
2025-07-31,,,,,,,,,,,,,,,,,,,,,,,,,,,,,,,,,,,,,,,,,,,,,,0.52,0.0,0.87,1.7680002207256789,0.7210526315789474,2.31,-0.08000000000000007,0.06999999999999984,-0.10838373124291982,0.5789473684210527,49.3,-0.4000000000000057,-0.10000000000000142,-0.2972456176913766,0.11570247933884298,0.1,0.2,-0.1,-0.45808950881449334,0.14767932489451477,-3.6,-0.30000000000000027,-2.8,-0.8446509981605236,0.1361111111111111,8.3,,,-0.6001024225762592,0.0819935691318328,6.8,1.0,1.5,1.2310508336857295,0.26990049751243783,5.2,,0.5,,0.23275862068965517
2025-08-31,,,,,,,,,,,,,,,,,,,,,,,,,,,,,,,,,,,,,,,,,,,,,,0.43,-0.09000000000000002,0.63,1.4695108893885285,0.6263157894736842,2.46,0.1499999999999999,0.33000000000000007,0.8130233592750922,0.7473684210526316,49.4,0.10000000000000142,0.29999999999999716,-0.17762238130339103,0.1384297520661157,0.0,-0.1,-0.5,-0.522386131631082,0.1350210970464135,-3.6,0.0,-2.8,-0.8934348920619078,0.1361111111111111,,,,,,5.7,-1.0999999999999996,0.6000000000000005,0.4376634289105366,0.15547263681592038,,,,,
2025-09-30,,,,,,,,,,,,,,,,,,,,,,,,,,,,,,,,,,,,,,,,,,,,,,0.64,0.21000000000000002,0.64,1.7822848514952705,0.8315789473684211,2.47,0.010000000000000231,0.4600000000000004,0.9116430375245972,0.7631578947368421,,,,,,,,,,,,,,,,,,,,,,,,,,,,,,
2025-10-31,,,,,,,,,,,,,,,,,,,,,,,,,,,,,,,,,,,,,,,,,,,,,,0.56,-0.07999999999999996,0.41000000000000003,1.506078848491642,0.7526315789473684,2.42,-0.050000000000000266,0.3500000000000001,0.56916225692987,0.7263157894736842,,,,,,,,,,,,,,,,,,,,,,,,,,,,,,
2025-11-30,,,,,,,,,,,,,,,,,,,,,,,,,,,,,,,,,,,,,,,,,,,,,,0.51,-0.050000000000000044,0.39,1.3193038126537944,0.7052631578947368,2.4,-0.020000000000000018,0.020000000000000018,0.5284221962638137,0.6842105263157895,,,,,,,,,,,,,,,,,,,,,,,,,,,,,,
2025-12-31,,,,,,,,,,,,,,,,,,,,,,,,,,,,,,,,,,,,,,,,,,,,,,0.55,0.040000000000000036,0.5,1.3160485588315007,0.7368421052631579,2.29,-0.10999999999999988,-0.040000000000000036,-0.16888067891072453,0.5631578947368421,,,,,,,,,,,,,,,,,,,,,,,,,,,,,,
2026-01-31,,,,,,,,,,,,,,,,,,,,,,,,,,,,,,,,,,,,,,,,,,,,,,0.71,0.15999999999999992,0.37999999999999995,1.5205286402771434,0.8526315789473684,2.26,-0.03000000000000025,-0.1200000000000001,-0.35215699200169176,0.5263157894736842,,,,,,,,,,,,,,,,,,,,,,,,,,,,,,
2026-02-28,,,,,,,,,,,,,,,,,,,,,,,,,,,,,,,,,,,,,,,,,,,,,,0.74,0.030000000000000027,0.38,1.4797007640896345,0.868421052631579,2.53,0.27,-0.010000000000000231,1.3335756858062524,0.8,,,,,,,,,,,,,,,,,,,,,,,,,,,,,,
2026-03-31,,,,,,,,,,,,,,,,,,,,,,,,,,,,,,,,,,,,,,,,,,,,,,0.59,-0.15000000000000002,0.33999999999999997,1.1392147434216804,0.8,2.4,-0.1299999999999999,-0.18000000000000016,0.557368727573738,0.6842105263157895,,,,,,,,,,,,,,,,,,,,,,,,,,,,,,
